Model,Features,n_features,CV_R2,CV_RMSE
GradientBoosting,ALL,13,0.4517,5.9496
RandomForest,ALL,13,0.4259,6.0861
RandomForest,"['+/- ▼', 'Cmp%', 'OPP', 'TY', 'G', 'PP', 'HA']",7,0.4247,6.0931
RandomForest,"['+/- ▼', 'Cmp%', 'OPP', 'TY', 'G', 'PP', 'HA', 'SCR']",8,0.4237,6.0961
RandomForest,"['+/- ▼', 'Cmp%', 'OPP', 'TY', 'G', 'PP']",6,0.414,6.1477
RandomForest,"['+/- ▼', 'Cmp%', 'OPP', 'TY', 'G', 'PP', 'SCR']",7,0.412,6.1573
RandomForest,"['+/- ▼', 'Cmp%', 'OPP', 'TY', 'G', 'HA']",6,0.4103,6.1644
RandomForest,"['+/- ▼', 'Cmp%', 'OPP', 'TY', 'G', 'SCR']",6,0.401,6.2112
RandomForest,"['+/- ▼', 'Cmp%', 'OPP', 'TY', 'G']",5,0.3958,6.2374
RandomForest,"['+/- ▼', 'Cmp%', 'OPP', 'TY', 'PP']",5,0.3844,6.3013
RandomForest,"['+/- ▼', 'Cmp%', 'OPP', 'TY', 'HA']",5,0.3672,6.3839
LinearRegression,ALL,13,0.3657,6.401
Lasso(α=0.01),ALL,13,0.3657,6.4007
Ridge(α=1),ALL,13,0.3657,6.4007
RandomForest,"['+/- ▼', 'Cmp%', 'OPP', 'TY', 'SCR']",5,0.3613,6.4094
RandomForest,"['+/- ▼', 'Cmp%', 'OPP', 'TY']",4,0.3535,6.4501
LinearRegression,"['Cmp%', '+/- ▼', 'HA', 'OPP', 'PP', 'G', 'TY']",7,0.3516,6.472
Ridge(α=1),"['Cmp%', '+/- ▼', 'HA', 'OPP', 'PP', 'G', 'TY']",7,0.3516,6.4719
LinearRegression,"['Cmp%', '+/- ▼', 'HA', 'OPP', 'PP', 'G', 'TY', 'SCR']",8,0.3514,6.473
Ridge(α=1),"['Cmp%', '+/- ▼', 'HA', 'OPP', 'PP', 'G', 'TY', 'SCR']",8,0.3514,6.4728
LinearRegression,"['Cmp%', '+/- ▼', 'HA', 'OPP', 'PP', 'G']",6,0.3513,6.4725
Ridge(α=1),"['Cmp%', '+/- ▼', 'HA', 'OPP', 'PP', 'G']",6,0.3513,6.4724
Ridge(α=1),"['Cmp%', '+/- ▼', 'HA', 'OPP', 'PP', 'G', 'SCR']",7,0.3509,6.4744
LinearRegression,"['Cmp%', '+/- ▼', 'HA', 'OPP', 'PP', 'G', 'SCR']",7,0.3509,6.4745
RandomForest,"['+/- ▼', 'Cmp%', 'OPP', 'HA']",4,0.3459,6.4939
RandomForest,"['+/- ▼', 'Cmp%', 'OPP', 'SCR']",4,0.3437,6.5001
Ridge(α=1),"['Cmp%', '+/- ▼', 'HA', 'OPP', 'PP']",5,0.3399,6.5304
LinearRegression,"['Cmp%', '+/- ▼', 'HA', 'OPP', 'PP']",5,0.3399,6.5305
RandomForest,"['+/- ▼', 'Cmp%', 'OPP', 'G']",4,0.3396,6.5241
LinearRegression,"['Cmp%', '+/- ▼', 'HA', 'OPP', 'PP', 'SCR']",6,0.3394,6.5324
LinearRegression,"['Cmp%', '+/- ▼', 'HA', 'OPP', 'PP', 'TY']",6,0.3394,6.5336
Ridge(α=1),"['Cmp%', '+/- ▼', 'HA', 'OPP', 'PP', 'TY']",6,0.3394,6.5335
Ridge(α=1),"['Cmp%', '+/- ▼', 'HA', 'OPP', 'PP', 'SCR']",6,0.3394,6.5324
LinearRegression,"['Cmp%', '+/- ▼', 'HA', 'OPP']",4,0.326,6.5975
Ridge(α=1),"['Cmp%', '+/- ▼', 'HA', 'OPP']",4,0.326,6.5974
Ridge(α=1),"['Cmp%', '+/- ▼', 'HA', 'OPP', 'SCR']",5,0.3255,6.5999
LinearRegression,"['Cmp%', '+/- ▼', 'HA', 'OPP', 'SCR']",5,0.3255,6.6
LinearRegression,"['Cmp%', '+/- ▼', 'HA', 'OPP', 'TY']",5,0.3252,6.6019
Ridge(α=1),"['Cmp%', '+/- ▼', 'HA', 'OPP', 'TY']",5,0.3252,6.6018
RandomForest,"['+/- ▼', 'Cmp%', 'OPP', 'PP']",4,0.3242,6.6014
Ridge(α=1),"['Cmp%', '+/- ▼', 'HA', 'OPP', 'G']",5,0.324,6.6074
LinearRegression,"['Cmp%', '+/- ▼', 'HA', 'OPP', 'G']",5,0.324,6.6074
Ridge(α=1),"['Cmp%', '+/- ▼', 'HA', 'PP']",4,0.3112,6.6691
LinearRegression,"['Cmp%', '+/- ▼', 'HA', 'PP']",4,0.3112,6.6692
LinearRegression,"['Cmp%', '+/- ▼', 'HA', 'SCR']",4,0.3041,6.7014
Ridge(α=1),"['Cmp%', '+/- ▼', 'HA', 'SCR']",4,0.3041,6.7014
RandomForest,"['+/- ▼', 'Cmp%', 'OPP']",3,0.3028,6.7025
LinearRegression,"['Cmp%', '+/- ▼', 'HA']",3,0.2905,6.7665
Ridge(α=1),"['Cmp%', '+/- ▼', 'HA']",3,0.2905,6.7665
LinearRegression,"['Cmp%', '+/- ▼', 'HA', 'TY']",4,0.2895,6.7712
Ridge(α=1),"['Cmp%', '+/- ▼', 'HA', 'TY']",4,0.2895,6.7711
Ridge(α=1),"['Cmp%', '+/- ▼', 'PP']",3,0.2891,6.7737
LinearRegression,"['Cmp%', '+/- ▼', 'OPP']",3,0.2891,6.773
Ridge(α=1),"['Cmp%', '+/- ▼', 'OPP']",3,0.2891,6.7729
LinearRegression,"['Cmp%', '+/- ▼', 'PP']",3,0.289,6.7737
Ridge(α=1),"['Cmp%', '+/- ▼', 'HA', 'G']",4,0.2881,6.7776
LinearRegression,"['Cmp%', '+/- ▼', 'HA', 'G']",4,0.2881,6.7776
LinearRegression,"['Cmp%', '+/- ▼', 'TY']",3,0.2871,6.7832
Ridge(α=1),"['Cmp%', '+/- ▼', 'TY']",3,0.2871,6.7831
Ridge(α=1),"['Cmp%', '+/- ▼']",2,0.2838,6.7978
LinearRegression,"['Cmp%', '+/- ▼']",2,0.2838,6.7978
Ridge(α=1),"['Cmp%', '+/- ▼', 'SCR']",3,0.2837,6.7979
LinearRegression,"['Cmp%', '+/- ▼', 'SCR']",3,0.2837,6.798
Ridge(α=1),"['Cmp%', '+/- ▼', 'G']",3,0.2816,6.8082
LinearRegression,"['Cmp%', '+/- ▼', 'G']",3,0.2815,6.8082
RandomForest,"['+/- ▼', 'Cmp%', 'TY']",3,0.2736,6.8422
RandomForest,"['+/- ▼', 'Cmp%', 'HA']",3,0.2671,6.8742
RandomForest,"['+/- ▼', 'Cmp%', 'G']",3,0.2587,6.9107
RandomForest,"['+/- ▼', 'Cmp%', 'PP']",3,0.2564,6.9239
Ridge(α=1),"['Cmp%', 'SCR']",2,0.2529,6.9438
LinearRegression,"['Cmp%', 'SCR']",2,0.2529,6.9438
RandomForest,"['+/- ▼', 'Cmp%', 'SCR']",3,0.2365,7.0122
Ridge(α=1),"['Cmp%', 'HA']",2,0.235,7.0275
LinearRegression,"['Cmp%', 'HA']",2,0.235,7.0275
RandomForest,['+/- ▼'],1,0.2095,7.1416
LinearRegression,"['Cmp%', 'G']",2,0.2028,7.1711
Ridge(α=1),"['Cmp%', 'G']",2,0.2028,7.1711
Ridge(α=1),"['Cmp%', 'TY']",2,0.2017,7.1797
LinearRegression,"['Cmp%', 'TY']",2,0.2017,7.1798
LinearRegression,"['Cmp%', 'PP']",2,0.2015,7.1784
Ridge(α=1),"['Cmp%', 'PP']",2,0.2015,7.1784
Ridge(α=1),"['Cmp%', 'OPP']",2,0.1906,7.2269
LinearRegression,"['Cmp%', 'OPP']",2,0.1906,7.2269
LinearRegression,['Cmp%'],1,0.178,7.2841
Ridge(α=1),['Cmp%'],1,0.178,7.2841
RandomForest,"['+/- ▼', 'Cmp%']",2,0.1701,7.3106
LinearRegression,['+/- ▼'],1,0.1662,7.339
Ridge(α=1),['+/- ▼'],1,0.1662,7.339
Ridge(α=1),['HA'],1,0.1295,7.5018
LinearRegression,['HA'],1,0.1295,7.5018
RandomForest,['HA'],1,0.1223,7.5296
Ridge(α=1),['SCR'],1,0.1156,7.5605
LinearRegression,['SCR'],1,0.1156,7.5605
RandomForest,['SCR'],1,0.1088,7.5869
RandomForest,['G'],1,0.085,7.6878
RandomForest,"['+/- ▼', 'G']",2,0.0694,7.7429
Ridge(α=1),['TY'],1,0.0606,7.7949
LinearRegression,['TY'],1,0.0606,7.7949
RandomForest,"['+/- ▼', 'OPP']",2,0.0534,7.8247
Ridge(α=1),['OPP'],1,0.0495,7.8377
LinearRegression,['OPP'],1,0.0495,7.8377
LinearRegression,['PP'],1,0.0452,7.856
Ridge(α=1),['PP'],1,0.0452,7.856
RandomForest,"['+/- ▼', 'PP']",2,0.0435,7.8612
LinearRegression,['G'],1,0.0409,7.8721
Ridge(α=1),['G'],1,0.0409,7.872
RandomForest,"['+/- ▼', 'HA']",2,0.0305,7.9064
RandomForest,"['+/- ▼', 'TY']",2,0.0262,7.9273
RandomForest,"['+/- ▼', 'SCR']",2,-0.0048,8.0428
RandomForest,['Cmp%'],1,-0.0856,8.3679
RandomForest,['OPP'],1,-0.1038,8.4485
RandomForest,['PP'],1,-0.141,8.5914
RandomForest,['TY'],1,-0.2517,8.9901
