Player,Y,SCR,HA,PlusMinus,BLK,Cmp%,eUPV
Ryan Osgar,7247,115,45,103,2,96.96,729.0
Ryan Osgar - NY,7247,115,45,103,2,96.96,729.0
Ben Jagt,7135,118,40,107,20,92.26,697.0
Ben Jagt - NY,7135,118,40,107,20,92.26,697.0
Jordan Kerr,5880,103,25,100,9,94.96,599.0
Jordan Kerr - SLC,5880,103,25,100,9,94.96,599.0
Jordan Kerr - SLC,6577,121,27,98,3,92.99,569.0
Jordan Kerr,6577,121,27,98,3,92.99,569.0
Quinn Finer - COL,6668,89,32,84,5,97.58,554.0
Pawel Janas,8218,99,54,71,1,94.76,531.0
Pawel Janas - CHI,8218,99,54,71,1,94.76,531.0
Ryan Osgar,7363,114,30,88,2,92.75,518.0
Ryan Osgar - NY,7363,114,30,88,2,92.75,518.0
Leandro Marx,7786,108,38,85,9,90.63,512.0
Leandro Marx - POR,7786,108,38,85,9,90.63,512.0
Sean McDougall - LA,5307,92,25,87,13,93.65,507.0
Sean McDougall,5307,92,25,87,13,93.65,507.0
Ryan Osgar,6217,95,31,80,2,95.94,499.0
Ryan Osgar - NY,6217,95,31,80,2,95.94,499.0
Anders Juengst,4826,84,30,76,4,96.3,462.0
Anders Juengst - RAL,4826,84,30,76,4,96.3,462.0
Evan Swiatek,6065,86,28,77,9,93.75,452.0
Evan Swiatek - ATX,6065,86,28,77,9,93.75,452.0
Ross Barker - CHI,6224,87,42,68,4,93.88,443.0
Ross Barker,6224,87,42,68,4,93.88,443.0
Kyle Henke,4924,72,20,73,12,97.49,437.0
Kyle Henke - ATX,4924,72,20,73,12,97.49,437.0
Rowan McDonnell,6350,84,38,66,7,94.59,436.0
Rowan McDonnell - DC,6350,84,38,66,7,94.59,436.0
Joe Merrill - SLC,4433,67,23,69,12,97.18,412.0
Joe Merrill,4433,67,23,69,12,97.18,412.0
Evan Swiatek,5010,80,26,71,5,95.39,408.0
Evan Swiatek - ATX,5010,80,26,71,5,95.39,408.0
Jeff Babbitt - NY,3053,62,15,73,15,97.37,400.0
Jeff Babbitt,3053,62,15,73,15,97.37,400.0
Cameron Brock - IND,4814,79,23,71,2,96.41,395.0
Cameron Brock,4814,79,23,71,2,96.41,395.0
Pawel Janas - LA,8092,80,43,51,4,96.3,393.0
Pawel Janas,8092,80,43,51,4,96.3,393.0
Pawel Janas - CHI,7290,73,40,58,2,95.95,389.0
Pawel Janas,7290,73,40,58,2,95.95,389.0
Jeff Babbitt - BOS,3217,50,13,68,22,98.12,384.0
Jeff Babbitt,3217,50,13,68,22,98.12,384.0
Ben Jagt - NY,5027,87,23,76,11,89.37,375.0
Ben Jagt,5027,87,23,76,11,89.37,375.0
Lukas Ambrose,2946,45,12,69,34,93.75,371.0
Lukas Ambrose - SEA,2946,45,12,69,34,93.75,371.0
Jack Williams,6489,64,49,46,6,96.5,364.0
Garrett Martin,5053,82,22,69,6,92.34,354.0
Garrett Martin - SEA,5053,82,22,69,6,92.34,354.0
Allan Laviolette,6222,83,27,62,4,93.41,351.0
Allan Laviolette - CAR,6222,83,27,62,4,93.41,351.0
Max Sheppard - PIT,5809,91,22,67,6,90.48,341.0
Max Sheppard,5809,91,22,67,6,90.48,341.0
Alex Davis - CAR,4074,75,27,66,6,92.22,341.0
Alex Davis,4074,75,27,66,6,92.22,341.0
Sean Mott,5332,79,31,56,8,93.1,337.0
Garrett Martin,6586,85,31,59,4,91.73,336.0
Garrett Martin - SEA,6586,85,31,59,4,91.73,336.0
Travis Dunn - SD,6430,79,28,59,8,91.98,334.0
Travis Dunn,6430,79,28,59,8,91.98,334.0
Alec Arsenault - OTT,4861,58,27,59,13,94.37,334.0
Jack Williams,5270,59,43,48,6,95.5,326.0
Sean McDougall,3850,72,19,67,10,91.76,323.0
Sean McDougall - SD,3850,72,19,67,10,91.76,323.0
James Lewis - TOR,5237,74,17,64,11,92.17,320.0
James Lewis,5237,74,17,64,11,92.17,320.0
Ross Barker - CHI,4403,74,28,60,4,92.89,317.0
Tyler Monroe,5556,64,47,44,2,95.7,317.0
Ross Barker,4403,74,28,60,4,92.89,317.0
Tobe Decraene,5737,69,25,54,18,91.71,316.0
Anders Juengst,4619,68,35,53,2,95.27,316.0
Anders Juengst - CAR,4619,68,35,53,2,95.27,316.0
Tobe Decraene - MTL,5737,69,25,54,18,91.71,316.0
Walker Frankenberg - OAK,4758,65,29,57,2,95.72,314.0
Walker Frankenberg,4758,65,29,57,2,95.72,314.0
Travis Dunn - SD,5588,82,21,61,4,92.64,313.0
Travis Dunn,5588,82,21,61,4,92.64,313.0
Travis Dunn - SD,5235,74,32,54,3,93.85,312.0
Travis Dunn,5235,74,32,54,3,93.85,312.0
Jeff Weis,4652,66,27,56,5,95.21,310.0
Keegan North,5518,75,25,59,8,91.59,310.0
Jeff Babbitt - NY,3397,61,11,64,8,97.27,307.0
Jay Froude - COL,4550,63,23,59,8,94.29,307.0
Jeff Babbitt,3397,61,11,64,8,97.27,307.0
James Pollard,5806,82,22,62,14,87.8,304.0
James Pollard - PHI,5806,82,22,62,14,87.8,304.0
Christian Boxley,3665,60,24,57,4,97.1,302.0
Zeppelin Raunig - SEA,4748,58,21,55,7,97.74,301.0
Zeppelin Raunig,4748,58,21,55,7,97.74,301.0
Matt Smith,4138,53,34,52,5,96.14,300.0
Brett Hulsmeyer - ATL,5232,57,21,53,18,94.08,300.0
Brett Hulsmeyer,5232,57,21,53,18,94.08,300.0
Alec Wilson Holliday - DAL,5000,78,19,64,11,89.1,299.0
Henry Fisher - RAL,4359,58,31,53,6,95.22,298.0
Henry Fisher,4359,58,31,53,6,95.22,298.0
Brett Hulsmeyer,5711,59,22,54,8,96.25,297.0
Brett Hulsmeyer - ATL,5711,59,22,54,8,96.25,297.0
Austin Taylor,6375,77,20,57,2,94.14,294.0
CJ Colicchio - PIT,4803,73,27,58,15,88.19,294.0
Austin Taylor - ATL,6375,77,20,57,2,94.14,294.0
CJ Colicchio,4803,73,27,58,15,88.19,294.0
Jacob Miller,6213,53,43,41,2,97.69,290.0
Eric Brodbeck - AUS,4425,62,23,54,10,94.34,289.0
Eric Brodbeck,4425,62,23,54,10,94.34,289.0
James Lewis - TOR,5348,59,22,55,13,92.96,288.0
James Lewis,5348,59,22,55,13,92.96,288.0
Benjamin Sadok,6634,68,37,44,2,94.72,284.0
Sean McDougall,3813,59,19,57,14,92.99,284.0
Sean McDougall - LA,3813,59,19,57,14,92.99,284.0
Max Sheppard - PIT,4934,79,16,60,7,91.48,284.0
Brandon Van Deusen,6548,55,40,40,7,96.05,284.0
Max Sheppard,4934,79,16,60,7,91.48,284.0
Jace Duennebeil,3972,71,16,61,3,94.29,283.0
John Lithio,4520,64,20,57,4,95.37,283.0
Jace Duennebeil - SLC,3972,71,16,61,3,94.29,283.0
Bryan Vohnoutka,4117,64,30,53,14,89.93,282.0
Ben Lewis,4730,64,21,54,15,91.63,280.0
Ben Lewis - HTX,4730,64,21,54,15,91.63,280.0
John Lithio,4446,55,26,52,7,95.38,276.0
Tanner Halkyard - BOS,3985,65,18,59,11,91.33,274.0
Bryan Vohnoutka,3738,54,27,55,8,93.26,274.0
Tanner Halkyard,3985,65,18,59,11,91.33,274.0
Bryan Vohnoutka - MIN,3738,54,27,55,8,93.26,274.0
Anthony Gutowsky,2936,61,8,64,15,91.89,272.0
Anthony Gutowsky - MAD,2936,61,8,64,15,91.89,272.0
Andrew Sjogren,4529,65,20,55,2,95.73,270.0
Andrew Sjogren - DET,4529,65,20,55,2,95.73,270.0
Greg Martin - PHI,3466,64,14,57,5,96.53,269.0
Greg Martin,3466,64,14,57,5,96.53,269.0
Sean McDougall,4056,67,20,60,18,86.84,268.0
Sean McDougall - LA,4056,67,20,60,18,86.84,268.0
Nick Vogt,2868,47,17,55,12,96.73,267.0
Nick Vogt - MIN,2868,47,17,55,12,96.73,267.0
Jack Williams,4882,60,31,47,5,94.43,264.0
Jacob Fairfax - CAR,5169,47,24,47,12,95.9,258.0
Jacob Fairfax,5169,47,24,47,12,95.9,258.0
Quinn Snider,3305,56,15,57,9,94.56,258.0
Sacha Poitte-Sokolsky,3664,63,14,59,4,94.38,257.0
Sacha Poitte-Sokolsky - MTL,3664,63,14,59,4,94.38,257.0
Jeremy Langdon,3731,61,16,55,1,97.45,254.0
Jeremy Langdon - ATL,3731,61,16,55,1,97.45,254.0
Austin Taylor,5761,65,30,45,2,94.51,253.0
Andrew Sjogren,4749,56,28,47,4,95.67,252.0
Austin Taylor,5229,64,26,46,2,96.03,251.0
Levi Jacobs,5559,74,23,53,3,90.46,249.0
Sol Yanuck,6468,55,42,34,5,95.63,249.0
Mark Evans,4845,67,32,45,5,91.9,248.0
Ben Jagt,3407,54,15,54,7,96.41,247.0
Ben Jagt - NY,3407,54,15,54,7,96.41,247.0
Sam Kaminsky,4302,49,31,44,2,98.33,246.0
Travis Dunn,5321,71,22,49,3,93.2,245.0
Travis Dunn - SD,5321,71,22,49,3,93.2,245.0
Jonny Malks,6321,62,28,41,6,95.22,245.0
Jacob Fairfax,4304,51,21,48,9,96.05,244.0
Jonathan Helton,4718,72,35,42,7,90.05,243.0
Carl Johnson - PIT,3214,59,11,60,10,91.74,243.0
Carl Johnson,3214,59,11,60,10,91.74,243.0
Bryan Vohnoutka,4228,56,27,46,6,94.63,241.0
Evan Swiatek,3425,57,28,49,5,93.06,240.0
Evan Swiatek - ATX,3425,57,28,49,5,93.06,240.0
Keenan Laurence - OAK,4368,59,13,55,8,93.08,236.0
Keenan Laurence,4368,59,13,55,8,93.08,236.0
Paul Lally,6558,52,46,27,10,94.32,234.0
Evan Magsig,7088,56,42,29,9,94.18,234.0
Jack Williams,5091,62,31,41,3,94.56,233.0
Elijah Jaime,2208,49,17,51,5,98.92,233.0
Alec Wilson Holliday - DAL,3676,56,21,51,7,93.15,233.0
Christian Boxley,3680,50,36,41,2,96.07,231.0
Gordon Larson,4645,55,30,45,4,93.51,231.0
Kyle Henke,5741,64,31,40,9,91.24,231.0
Matt Gouchoe-Hanas,3810,47,40,37,0,98.54,230.0
Ben Jagt - NY,3634,50,18,53,17,89.29,228.0
Ben Jagt,3634,50,18,53,17,89.29,228.0
Tyler Monroe,4078,57,25,47,0,96.06,227.0
Mikey O'Brien - SEA,1720,32,15,48,20,96.77,224.0
Mikey O'Brien,1720,32,15,48,20,96.77,224.0
Jordan Kerr,3905,50,26,44,5,96.27,224.0
Jeff Babbitt - NY,1751,31,3,52,21,100.0,223.0
Jeff Babbitt,1751,31,3,52,21,100.0,223.0
Cole Jurek,4161,50,20,45,9,95.96,221.0
Sean Mott,5302,59,33,39,3,93.71,220.0
Allan Laviolette,4847,73,14,53,2,90.79,216.0
Allan Laviolette - RAL,4847,73,14,53,2,90.79,216.0
Jacob Fairfax,4634,55,20,45,11,92.44,215.0
Quentin Bonnaud,4145,54,20,47,5,94.76,214.0
Xavier Payne,3463,39,27,37,15,96.72,213.0
Lukas Ambrose,1629,27,10,47,24,97.75,213.0
Henry Fisher,3971,50,20,46,2,98.07,211.0
Joey Wylie,2750,37,17,45,18,95.12,211.0
Tyler Monroe,4034,54,27,43,2,95.14,210.0
Matt Smith,3383,54,12,53,0,97.52,209.0
Matt Smith - ATL,3383,54,12,53,0,97.52,209.0
Keegan North,3913,56,27,40,5,95.13,209.0
Jonny Malks,5513,56,27,39,3,95.68,209.0
Jordan Kerr,4890,52,21,42,13,92.63,209.0
Bryan Vohnoutka,3399,53,17,50,10,91.4,208.0
Antoine Davis,4206,59,25,45,9,89.42,207.0
Pieran Robert,1613,40,11,50,11,98.25,205.0
Pieran Robert - MAD,1613,40,11,50,11,98.25,205.0
Chad Yorgason,3689,54,16,51,17,86.78,202.0
Greg Martin,2832,49,16,47,8,95.45,201.0
Rick Gross,4494,45,25,40,5,97.19,200.0
Pawel Janas,5963,53,40,29,2,95.77,200.0
Thomas Edmonds,3901,52,14,46,7,95.92,198.0
Jonny Malks,5128,54,34,33,2,96.1,197.0
Jake Kenniv,4645,57,20,40,11,92.8,197.0
Terrence Mitchell,4386,52,26,41,3,94.71,196.0
Jacob Miller,4633,41,27,37,11,95.06,196.0
Kevin Pettit-Scantling,1996,45,10,50,21,90.06,196.0
Simon Carapella,5161,50,32,36,1,96.18,195.0
Carter Rae,5478,49,39,30,4,94.99,195.0
Zeppelin Raunig,4308,47,17,45,5,96.55,194.0
Cameron Brock,4204,55,20,45,1,95.19,194.0
Jack Shanahan,3799,57,20,44,4,94.03,194.0
Spencer Lofink,4992,62,27,37,2,94.35,193.0
Paul Arters,3467,51,14,48,4,95.77,192.0
Max Sheppard,4650,66,19,45,11,87.31,192.0
Jacob Fairfax,4586,45,15,44,10,95.26,191.0
Duncan Fitzgerald,5154,61,31,31,8,92.8,191.0
Hayden Austin-Knab,4146,46,31,37,3,95.91,191.0
Ryan Poloz,4131,59,22,41,2,95.08,190.0
Greg Martin,3319,62,18,49,3,90.48,190.0
Mark Evans,5939,60,28,35,8,90.72,188.0
Austin Taylor,5358,53,38,31,0,95.15,188.0
Dylan DeClerck,1627,40,7,53,19,90.32,186.0
Joe Richards - DC,2404,58,6,57,5,90.67,185.0
Joe Richards,2404,58,6,57,5,90.67,185.0
Chris Lung,4601,62,16,43,11,89.71,185.0
Sean Connole,7054,58,27,35,1,94.53,185.0
Walker Frankenberg,4883,56,23,40,4,93.23,185.0
Terrence Mitchell,3565,46,25,41,3,95.53,184.0
Levi Jacobs,4898,59,22,41,4,91.42,180.0
Jacob Miller,3978,32,45,27,3,98.25,180.0
Charles Weinberg,4629,45,37,31,3,95.34,180.0
Ty Barbieri,4364,63,12,51,4,88.83,179.0
Jasper Dean,2281,31,19,39,19,95.0,179.0
Matt Gouchoe-Hanas,3360,32,36,32,5,98.82,179.0
Ty Barbieri - TOR,4364,63,12,51,4,88.83,179.0
Jakob Brissette,6422,49,43,23,8,92.2,178.0
Joseph Cubitt,6701,57,35,24,9,92.9,177.0
Grayson Sanner,2851,49,18,45,5,93.83,177.0
Khalif El-Salaam,3378,44,19,42,7,95.19,176.0
Henry Fisher,2172,34,7,45,17,97.44,175.0
Thomas Edmonds,5046,48,29,32,5,95.95,174.0
Levi Jacobs,4838,53,18,40,2,96.7,174.0
Hunter Corbett,2791,48,24,40,5,93.88,173.0
Steven Wartinbee,3676,49,19,41,4,95.85,173.0
Travis Carpenter,4243,46,30,33,3,96.89,172.0
Dylan DeClerck,1834,35,3,51,18,93.33,172.0
Dylan DeClerck - MIN,1834,35,3,51,18,93.33,172.0
Andrew Sjogren,2990,43,19,41,7,95.5,169.0
Elijah Jaime,2811,54,14,48,3,92.23,169.0
Elliott Chartock,6255,44,33,27,7,95.66,169.0
Jimmy Towle,4291,51,24,37,5,93.36,168.0
Everest Shapiro,4734,46,24,35,12,91.56,168.0
Jordan Rhyne,5588,54,32,29,3,94.72,168.0
Sean Mott,5184,51,30,31,2,96.01,167.0
Sol Yanuck,5372,51,28,32,2,96.07,166.0
James Pollard,4946,66,12,46,7,87.32,166.0
Garrett Braun,3101,39,31,33,3,98.04,164.0
Lior Givol,3350,57,19,44,4,89.76,164.0
Jimmy Zuraw,4221,54,19,36,9,93.02,163.0
Cameron Harris,4651,53,15,43,6,91.19,162.0
Oliver Chartock,4281,46,23,37,4,94.76,160.0
Mac Hecht,6115,52,40,23,4,92.45,159.0
Levi Jacobs,4289,50,17,42,2,94.26,159.0
Elijah Long,2017,35,29,34,8,95.65,157.0
Cameron Brock,3847,47,23,35,4,96.26,157.0
CJ Colicchio,3942,50,23,33,11,92.0,157.0
Terrence Mitchell,2953,44,14,42,4,97.7,156.0
Benjamin Sadok,5590,52,26,31,3,95.18,156.0
Mitchell McCarthy,2730,38,17,38,17,91.67,156.0
Willie Stewart,4489,49,21,36,6,93.75,156.0
Jake Radack,6437,58,35,24,2,93.33,155.0
Kyle Henke,6018,51,27,32,6,91.14,155.0
John Randolph,2037,32,15,40,16,93.57,152.0
Ray Tetreault,3949,52,22,37,2,93.49,151.0
Jonny Malks,4859,59,18,36,2,94.22,151.0
Wilson Matthews,2632,46,13,42,4,96.0,146.0
Michael Kiyoi,3622,55,12,42,3,93.28,146.0
Benjamin Oort,2897,47,16,41,2,95.83,146.0
Seth Gudeman,2166,35,16,39,10,96.17,145.0
Khalif El-Salaam,3359,47,19,37,8,91.67,143.0
Jack Havey,4367,52,25,33,3,92.31,142.0
Phil Turner,2463,27,14,38,24,89.39,142.0
Sam Cook,3419,42,19,38,2,96.93,141.0
Stefan Samu,3173,38,20,36,9,93.66,140.0
Willie Stewart,3301,38,23,34,7,94.92,139.0
Mike Mackenzie,3668,51,19,39,5,89.51,138.0
Andrew Sjogren,3920,49,20,36,4,92.67,138.0
Luke Yorgason,4584,35,42,20,5,96.24,138.0
Elijah Long,4437,44,30,26,4,96.51,136.0
Will Selfridge,3420,39,21,33,8,95.47,136.0
Xavier Payne,2552,43,12,38,12,93.38,136.0
Justin Norden,5141,55,26,28,3,93.16,135.0
Trevor Lynch,4210,43,24,31,7,93.38,134.0
Elliot Bonnet,3869,44,15,37,6,94.86,134.0
Travis Carpenter,5088,46,28,28,2,95.45,133.0
Brandon Van Deusen,5957,51,36,20,4,93.24,133.0
Evan Swiatek,3642,53,17,35,8,90.39,132.0
Keenan Laurence,3367,43,16,37,9,91.86,132.0
Vinay Valsaraj,3319,48,13,37,12,90.27,132.0
AJ Merriman,2043,35,5,44,20,88.37,131.0
Charles Weinberg,2937,39,23,33,5,95.91,131.0
James Franklin,3216,43,8,42,7,94.29,130.0
Tobias Brooks,4823,47,21,34,2,93.64,130.0
Cole Davis-Brand,4468,50,29,28,4,91.55,130.0
Elliott Chartock,5138,43,40,20,0,96.6,129.0
Joey Wylie,4238,43,25,32,2,94.2,128.0
Rowan McDonnell,3483,38,30,25,7,96.64,128.0
Matt Smith,2931,36,17,38,3,97.71,128.0
Max Trifillis,1664,31,5,42,16,94.68,128.0
Sean Connole,6612,55,27,26,2,91.98,127.0
Jeremy Keusch,3087,36,18,35,5,98.25,127.0
Dylan DeClerck,1276,23,7,40,23,92.42,127.0
Xavier Payne,3187,37,22,31,7,96.51,125.0
Jonathan Mast,5134,36,40,20,3,95.66,125.0
Bobby Ley,4688,48,25,28,3,94.85,125.0
Andrew Roy,3957,38,33,23,5,97.12,125.0
Jeff Wodatch,3570,45,18,35,4,94.03,124.0
John Lithio,4178,33,25,30,5,96.96,123.0
Chad Yorgason,2369,39,6,41,17,89.31,123.0
Henry Wayte,3004,39,19,33,7,95.0,121.0
Gabe Vordick,3149,38,10,39,6,97.13,121.0
Matt Stevens,1887,41,12,40,2,98.44,121.0
Nathan Hirst,3979,41,32,26,2,94.85,121.0
Dean Ramsey,1733,32,6,43,13,93.02,120.0
Nate Goff,1499,25,9,36,19,96.12,119.0
Christian Olsen,3634,35,31,26,3,97.51,119.0
Benjamin Sadok,5254,58,21,27,1,95.2,118.0
Reese Bowman,2865,48,12,39,4,92.47,118.0
Rick Gross,4058,49,18,33,5,91.78,118.0
Thomas Edmonds,2628,35,12,37,7,98.14,118.0
Kyle Rutledge,4264,46,20,32,1,96.2,118.0
Bobby Ley,5554,49,18,32,1,94.67,117.0
Ben Lewis,3042,46,9,38,9,92.07,117.0
Carson Chamberlain,3304,43,14,35,7,94.05,117.0
Eric Taylor,3214,40,22,31,6,93.92,116.0
Jack Shanahan,4259,55,16,33,2,93.24,116.0
Keenan Laurence,3546,46,12,39,8,88.54,116.0
Elliott Chartock,3864,53,15,34,0,95.98,115.0
Elijah Jaime,2896,41,12,38,4,95.77,114.0
Ben Katz,1840,27,15,32,16,95.85,113.0
Victor Luo,4539,40,29,25,3,95.62,113.0
Rami Paust,4910,52,28,23,4,92.23,113.0
Sam Cook,3344,36,22,31,4,95.85,110.0
Jakob Brissette,3543,44,18,30,8,92.94,109.0
Jacques Nissen,4059,38,27,28,1,96.01,109.0
Jonathan Helton,3550,47,16,33,5,92.64,109.0
Elijah Long,4164,37,40,17,4,95.28,109.0
Sterling Knoche,2002,40,5,41,6,96.59,108.0
Ryan Poloz,4425,47,31,23,2,92.86,108.0
Henry Babcock,4181,42,24,28,2,95.64,108.0
Charles Weinberg,3258,45,19,33,1,94.55,107.0
Chad Yorgason,2240,38,9,38,9,93.66,107.0
Max Williams,2700,42,16,35,3,94.49,106.0
Tristan Van de Moortele,3407,43,21,26,11,92.05,106.0
Everest Shapiro,3949,39,18,30,10,91.63,106.0
Aaron Wolf,3457,33,28,23,11,93.42,106.0
Cole Jurek,3925,45,19,31,3,93.58,105.0
Kevin Pettit-Scantling,2852,39,14,33,10,92.31,104.0
Chris Lung,4718,43,19,28,7,92.65,103.0
Sam Kaminsky,4332,40,29,22,4,96.19,103.0
Evan Magsig,4115,42,28,23,5,94.1,103.0
Cole Jurek,3498,42,20,30,4,94.22,103.0
Luc Comire,5955,36,29,20,6,96.13,102.0
Joe Merrill,1789,43,6,43,3,93.24,102.0
Luc Comire,6434,42,39,14,3,93.78,102.0
Jake Thorne,2391,40,14,37,4,92.16,100.0
Oscar Stonehouse,3136,43,8,39,3,94.34,100.0
Max Trifillis,1409,24,5,38,14,98.61,100.0
McKay Yorgason,3067,28,26,25,8,97.68,100.0
Simon Carapella,2971,45,12,36,4,92.25,99.0
Zach Norrbom,2954,36,19,31,3,98.08,99.0
Zachary Armstrong,1398,28,3,41,17,90.38,99.0
Andrew Roy,4812,31,29,24,2,98.26,99.0
Jason Vallee,3064,40,23,28,3,95.24,98.0
Justin Norden,4616,50,33,19,2,91.72,98.0
Scott Radlauer,3414,35,14,31,10,94.31,98.0
Brett Hulsmeyer,1238,14,14,30,23,94.5,98.0
Solomon Rueschemeyer-Bailey,3683,22,37,21,3,98.98,98.0
Matt Miller,5962,41,30,18,6,94.22,98.0
Manuel Eckert,4952,46,35,15,5,93.47,98.0
Lucas Coniaris,5121,41,25,22,5,95.81,97.0
Orion Cable,2606,41,14,35,5,91.91,96.0
Jimmy Towle,3489,39,21,29,2,96.75,96.0
Ray Tetreault,3013,41,15,33,3,95.24,95.0
Malik Auger-Semmar,2933,41,13,34,8,89.86,94.0
Max Gibson,5192,54,16,32,1,88.18,94.0
Christian Olsen,2771,31,21,28,7,96.5,93.0
Jacques Nissen,3569,35,21,29,3,96.41,93.0
Tannor Johnson-Go,3457,34,17,30,6,96.17,92.0
Evan Magsig,2991,38,21,27,6,94.89,92.0
Bret Bergmeier,2058,31,16,32,10,92.42,91.0
Jake Steslicki,1890,33,16,30,10,94.89,91.0
Elliott Chartock,4087,39,25,25,1,96.91,90.0
Sam Cook,3270,41,18,30,3,94.38,90.0
Jack Shanahan,3880,47,15,29,7,90.32,89.0
Brendan Gessner,2560,33,11,35,5,97.7,89.0
Nate Astrom,1489,28,6,38,19,86.17,89.0
Chris Walsh,5293,50,21,23,4,92.21,88.0
Kyle Rubin,2829,39,18,32,3,92.31,88.0
Steven Milardovich,1894,15,14,28,23,92.95,88.0
Bryan Walsh,5979,55,24,18,4,92.55,87.0
Kevin Quinlan,4329,58,12,32,3,87.08,87.0
Karl Ekwurtzel,2515,34,12,34,4,98.21,86.0
Paul Lally,4802,38,26,22,4,94.42,86.0
Abe Coffin,3266,33,27,20,14,89.49,86.0
Rick Gross,4157,43,18,29,1,94.51,85.0
Stefan Samu,2299,28,13,32,10,95.12,84.0
Josh Klane,4431,44,24,24,2,92.79,84.0
Jackson Potts,3365,42,14,31,5,91.96,83.0
Peter Boerth,2427,43,7,36,5,93.18,83.0
Xavier Payne,4139,40,26,22,3,94.95,83.0
Tristan Van de Moortele,2806,34,20,26,6,96.63,81.0
Ryan Poloz,3769,42,14,31,1,96.13,81.0
Jake Carrico,1768,25,13,30,16,91.23,79.0
Jonny Hoffman,1265,24,10,34,16,89.71,79.0
Malik Auger-Semmar,3817,47,17,27,6,88.64,79.0
James Pollard,3431,33,14,27,15,88.69,78.0
Phil Turner,1250,23,5,36,21,86.27,78.0
Rocco Linehan,3193,45,11,31,5,92.34,78.0
Jack Kelly,1905,40,5,38,3,95.93,78.0
Luke Marks,1198,28,3,36,16,92.06,77.0
Aaron Weaver,3307,30,26,23,5,95.76,77.0
Jake Felton,7347,85,17,12,9,83.24,77.0
Jace Duennebeil,3060,43,6,35,4,94.12,77.0
Anthony Gutowsky,1892,46,3,41,2,90.48,77.0
Hayden Stone,2483,38,11,33,5,93.41,76.0
Parker Bray,3750,45,20,25,4,91.02,76.0
Wilkie Lewis,2765,37,19,28,6,90.68,76.0
Quinn Snider,2065,36,8,36,3,96.67,75.0
Matthew Armour,2036,32,14,30,9,93.48,75.0
Suraj Madiraju,1966,33,16,30,6,94.74,75.0
Mick Walter,1489,13,8,29,23,95.73,74.0
Jake Kenniv,2624,35,13,31,8,90.84,74.0
Joey Wylie,2226,32,9,32,13,89.52,73.0
Mike Mackenzie,3107,38,17,27,13,83.97,73.0
Eric Taylor,3165,47,12,29,6,90.04,73.0
Michael Jordan,2091,40,8,35,2,96.94,73.0
Kyle Weinberg,1591,21,8,31,18,93.5,73.0
Moussa Dia,1935,26,8,32,14,93.33,72.0
Sean Mott,4324,47,23,22,0,94.27,72.0
Bret Bergmeier,1643,30,10,33,9,93.1,70.0
Tim Okita,2816,39,19,26,2,97.06,70.0
Joey Wylie,1992,24,11,31,12,94.12,69.0
Dylan Burns,2998,36,14,30,3,95.74,69.0
Tim Okita,3588,38,27,20,1,96.69,67.0
Kevin Quinlan,3395,36,28,20,4,91.56,67.0
Matthew Armour,3128,34,22,23,6,93.46,67.0
Thomas Edmonds,1928,34,10,32,7,93.4,66.0
Raekwon Adkins,2761,37,15,30,1,95.81,66.0
John Lithio,3547,37,16,27,3,95.6,66.0
Oliver Chartock,2759,32,17,26,7,95.09,66.0
Kevin Quinlan,4736,52,12,26,1,93.64,65.0
Eli Friedman,3800,38,27,20,2,93.24,65.0
Kelsen Alexander,2095,30,18,27,6,95.38,65.0
Dylan DeClerck,1376,33,2,38,9,90.0,63.0
Jack Nelson,2320,34,9,33,4,95.71,63.0
Eric Brodbeck,2233,28,13,29,7,97.38,62.0
Matt Tucker,1057,18,6,33,18,90.48,62.0
Marcel Osborne,3759,44,20,24,1,91.67,62.0
Trevor Lynch,2041,35,15,28,6,92.82,62.0
Sean Connole,3397,41,11,26,8,92.47,61.0
Ben Thoennes,4601,53,14,24,6,84.82,61.0
Justin Burnett,960,18,4,32,21,89.8,60.0
Sterling Knoche,1141,18,7,31,16,96.0,60.0
Joel Clutton,1294,18,3,33,15,100.0,59.0
Gus Norrbom,2792,29,22,25,1,98.68,58.0
Brandon Pastor,2434,29,16,28,5,94.93,58.0
Dex Dremann,5697,47,20,17,4,93.36,57.0
Tanner Barcus,1283,15,12,27,16,97.87,57.0
Joe Merrill,1788,29,12,30,7,94.52,57.0
Chris Wilen,2836,35,10,30,5,94.04,57.0
Jordan Taylor,3037,39,14,29,2,91.6,57.0
Jeff Wodatch,2762,33,8,33,2,98.25,56.0
Vinay Valsaraj,2185,38,13,31,1,92.31,55.0
Marty Adams,2741,28,21,23,6,94.76,55.0
Mark Henke,1112,25,10,31,8,98.25,55.0
Tony Goss,1426,21,12,28,12,96.43,55.0
John Randolph,2097,30,14,28,6,95.29,55.0
Malik Auger-Semmar,3231,42,8,28,7,90.36,54.0
Lucas Coniaris,5153,30,34,12,3,96.55,54.0
Christophe Tremblay-Joncas,3238,30,13,24,14,87.5,53.0
Sol Yanuck,4428,48,17,21,2,92.92,53.0
Everest Shapiro,2179,35,7,32,5,94.06,52.0
Jake Johnson,2763,43,12,26,6,89.05,51.0
Ben Katz,1429,27,20,22,11,90.96,50.0
Paul Lally,3322,31,34,13,4,93.47,50.0
Connor Newell,3022,31,22,20,6,94.46,50.0
Victor Luo,4607,41,26,15,3,92.72,49.0
Dmitry Suvorov,2326,33,16,27,1,97.69,48.0
Tarik Akyuz,3288,32,13,22,13,89.39,48.0
Jake Reinhardt,1835,31,8,31,7,92.31,48.0
Gavin May,1648,27,14,28,5,97.03,47.0
Danny Landesman,2321,39,10,30,2,92.81,47.0
Miguel Goderre,1940,23,31,19,2,97.36,47.0
Liam Haberfield,2438,31,13,28,3,97.01,46.0
William Brandt,2294,36,14,27,2,95.56,46.0
Sterling Knoche,1504,32,4,34,5,94.83,45.0
Rowan McDonnell,3348,33,19,21,5,94.89,45.0
Max Gibson,2796,35,16,23,8,87.5,44.0
Anson Reppermund,2408,27,14,24,10,92.96,44.0
Jacob Anthuvan,2563,36,9,30,3,91.96,43.0
Jimmy Towle,2825,30,15,25,5,95.03,43.0
Eric Brodbeck,1917,28,11,27,9,92.14,42.0
Charles Weinberg,3092,28,25,18,5,94.51,42.0
Keegan North,2328,34,20,23,2,93.85,42.0
Max Williams,2064,32,14,27,3,95.56,42.0
William Wettengel,953,13,6,28,22,87.72,42.0
Jack Brown,2483,31,12,24,9,94.16,42.0
Anders Juengst,3193,41,16,23,1,94.35,41.0
Joe Richards,1567,40,5,34,1,91.07,41.0
Lukas McClamrock,1162,15,12,25,16,94.48,41.0
Tommy Li,2624,36,13,26,4,91.41,41.0
Rocco Linehan,2097,29,10,25,12,90.07,40.0
Philippe Le Bourdais,1837,34,8,31,3,93.85,40.0
Paul Owens,1091,19,11,24,16,95.57,40.0
Nicholas Betsch,4473,37,21,15,7,91.59,39.0
Jeremy Keusch,3028,39,12,24,4,94.76,39.0
Joshua Wilson,3798,31,27,16,2,95.38,38.0
Grant Lindsley,4253,37,15,23,1,95.81,38.0
Jacques Nissen,3409,29,20,21,3,96.09,37.0
Alex Davis,931,18,6,29,15,92.68,37.0
Calvin Brown,3409,39,19,14,12,86.42,36.0
Jake Rubin-Miller,1069,14,11,23,20,90.8,36.0
Michael Kiyoi,2854,31,17,23,3,95.86,36.0
Jeff Holm,1865,29,10,29,4,95.41,35.0
Tanner Halkyard,2937,38,12,25,5,86.4,35.0
Max Thorne,2296,28,16,26,1,98.84,35.0
Matthew Rehder,2672,21,18,19,14,88.24,35.0
Asher Lantz,825,20,1,32,15,90.0,34.0
Mike Arcata,4002,44,14,21,3,89.3,34.0
William St-Pierre,2608,31,16,24,3,93.71,34.0
William Brandt,3990,41,15,17,7,92.29,33.0
Alex Thorne,3806,31,23,18,2,95.16,33.0
Jeremy Burril,2086,34,17,24,1,94.7,33.0
Andrew Moore,2612,35,13,24,5,90.79,33.0
Antoine Davis,1882,27,6,28,11,88.51,32.0
Shane Earley,1771,34,7,30,5,87.84,32.0
Paul Owens,2346,32,14,24,4,95.36,32.0
Declan Miller,3516,35,17,20,5,90.24,32.0
Nabil Chaouch,2645,39,12,26,1,90.83,31.0
Jake Reinhardt,1850,21,8,25,14,93.33,31.0
Sawyer Thompson,3156,38,12,23,6,86.11,31.0
Christophe Tremblay-Joncas,1540,15,7,26,16,95.52,31.0
Gavin May,1470,24,5,30,10,91.43,31.0
Morgan Sommer,3178,34,19,22,0,93.92,31.0
John McMonigal,2554,30,17,23,2,97.56,30.0
Nate Pettyjohn,1752,35,6,30,4,90.91,30.0
Jeff Wodatch,3233,28,16,23,3,96.59,30.0
Colin Berry,2836,36,11,25,5,87.1,30.0
Jack Kelly,1556,29,12,27,4,94.51,30.0
Clint McSherry,3922,32,28,13,3,93.2,30.0
Jordan Taylor,2865,35,12,24,4,91.23,29.0
Hunter Corbett,1936,29,7,28,8,89.74,29.0
Jason Vallee,1791,21,14,21,13,92.53,28.0
Reese Bowman,1939,30,5,28,8,91.94,27.0
Benjamin Preiss,2902,39,8,25,4,91.75,27.0
Mark Henke,1813,26,8,28,7,93.02,27.0
Michael Kiyoi,2621,37,14,22,3,93.15,26.0
Jace Bruner,873,16,7,26,15,94.38,25.0
Keith McRae,2202,30,14,25,2,94.44,25.0
Conor Kline,1309,33,4,32,3,92.16,25.0
Tony Poletto,2316,33,23,17,2,96.63,25.0
Kelsen Alexander,2459,27,14,23,6,92.75,25.0
Bret Bergmeier,1933,30,14,21,9,87.4,24.0
Calvin Trisolini,4441,38,24,12,3,93.88,24.0
Andrew Roy,5121,28,28,12,2,96.56,24.0
Charles Asselin,2078,22,11,20,16,88.59,24.0
Eric Witmer,1347,20,6,26,14,92.23,24.0
William Brandt,2602,34,12,23,4,95.02,24.0
Jordan Queckboerner,1204,15,6,25,17,92.66,23.0
JP Burns,1992,25,9,25,9,92.22,23.0
Jimmy Towle,2896,28,18,21,2,98.25,22.0
Eli Artemakis,1599,29,9,28,4,90.57,22.0
John Stubbs,2065,29,16,23,3,92.68,22.0
Ben Ashton,1812,23,18,19,9,91.33,21.0
Kyle Weinberg,1524,18,7,23,18,85.71,21.0
Jacob Fella,1729,22,7,27,9,95.29,21.0
Benjamin Preiss,1403,25,8,27,7,95.83,21.0
Mark Baldauf,2671,26,13,18,12,92.52,20.0
Dexter Clyburn,3480,36,17,16,6,91.0,20.0
Josh Klane,5012,49,18,13,1,90.66,19.0
Anson Reppermund,2044,27,13,21,9,87.74,18.0
Topher Davis,1604,35,5,30,1,94.03,18.0
Aidan Downey,1066,23,7,28,7,98.2,18.0
Miles Grovic,1042,19,6,28,9,100.0,17.0
Zach Slayton,1758,24,12,21,10,95.21,17.0
Drew Swanson,391,8,3,26,20,100.0,17.0
Connor Newell,2705,32,25,14,3,89.55,17.0
Rhys Bergeron,1012,15,4,27,15,92.96,17.0
Garrett Martin,1661,23,8,24,11,92.19,17.0
Marcel Osborne,3049,40,13,22,0,90.05,17.0
Joshua Wilson,2386,27,16,21,4,95.53,17.0
Kyle Romard,2958,27,21,18,2,95.38,15.0
Joe White,2408,34,9,26,1,92.72,15.0
Ben Field,2952,40,9,23,2,90.53,15.0
Drew Swanson,828,14,7,26,13,96.55,15.0
Seth Weaver,1022,23,12,24,7,93.33,14.0
Paul Arters,2461,32,17,20,2,90.86,14.0
Shane Heath,2133,34,8,26,2,92.74,14.0
Simon Dastrup,1228,24,4,28,9,91.07,14.0
Rick Gross,2600,26,19,19,3,98.01,14.0
Seth Gudeman,937,15,4,26,15,96.15,13.0
Topher Davis,2018,28,8,25,6,91.4,13.0
Jack Brown,2392,34,12,22,4,85.15,13.0
Brandon Jordan,2163,28,11,20,10,86.36,13.0
Colin Berry,3124,39,8,22,4,88.76,13.0
Jimmy Zuraw,2586,23,19,14,11,92.0,13.0
Matthew Armour,2050,27,12,20,9,90.07,12.0
Jeremy Langdon,1758,26,9,24,7,93.64,12.0
Adam Miller,1874,26,14,21,6,94.01,12.0
Miguel Goderre,3297,29,16,17,6,95.64,12.0
Alexandre Fall,1020,25,3,29,7,97.14,11.0
Dax Miller,2880,21,18,14,12,92.17,11.0
Michael Kiyoi,2756,37,11,23,0,94.23,11.0
Jesse Cohen,1500,33,6,28,2,90.67,11.0
Jack Brown,2318,28,8,24,6,91.21,10.0
Cole Davis-Brand,3682,28,27,11,3,93.17,10.0
Paul Owens,1163,16,11,21,13,95.1,9.0
KJ Koo,2292,24,11,21,8,91.93,8.0
Leo Sovell-Fernandez,3816,30,11,22,2,96.11,8.0
Marcel Osborne,1936,31,15,21,2,90.0,8.0
Elliott Moore,1841,27,10,20,10,87.5,8.0
Christian Belus,771,17,5,24,15,90.0,8.0
Alex Davis,1699,23,13,22,6,95.18,8.0
Orion Cable,2011,22,17,19,6,90.67,7.0
Gustav Haflin,929,20,5,27,9,95.56,7.0
Brent George,2482,32,15,21,0,94.15,6.0
Mac Weber,1572,16,16,18,11,94.44,6.0
Scott Heyman,2311,27,12,22,4,94.12,6.0
JP Burns,1512,29,11,23,4,90.0,6.0
Shane Worthington,1992,19,8,17,19,81.19,6.0
Kelvin Huang,2267,29,13,22,2,96.62,6.0
Max Sample,2745,27,14,20,4,95.03,6.0
Luke Marks,1125,21,4,27,9,94.81,6.0
Griffin McKee,2662,31,13,21,2,92.78,5.0
Carson Chamberlain,2591,26,14,21,3,96.03,5.0
Raphy Hayes,2901,28,11,20,6,91.41,5.0
Akifumi Muraoka,3629,29,17,14,7,89.19,5.0
Marques Brownlee,1412,19,8,21,14,83.53,5.0
Kyle Kolafa,1247,20,3,27,10,93.48,5.0
Peter Lenz,3336,32,13,19,3,93.94,5.0
Gus Norrbom,2327,25,17,21,1,98.61,5.0
Nico Lake,2508,22,20,18,3,95.96,5.0
Eli Artemakis,1799,23,12,24,3,96.55,4.0
Kenny Lane III,3011,25,25,15,0,96.87,4.0
CJ Colicchio,2114,26,13,22,3,96.46,4.0
Brett Matzuka,1544,12,21,16,10,97.46,4.0
Pat Shriwise,2598,31,15,20,1,96.25,4.0
Mikey O'Brien,1794,22,11,20,10,86.05,4.0
Ethan Fortin,2496,25,16,19,4,96.73,4.0
Noah Hanson,1002,17,7,23,13,88.68,4.0
Tyler Randall,813,20,2,27,11,96.05,3.0
Mitchell Steiner,1609,18,10,18,15,90.1,3.0
Joe Leibforth,1101,19,2,26,13,80.56,3.0
Luke Marks,804,15,4,25,14,94.12,3.0
Brandon Matis,777,14,4,25,14,93.33,2.0
Joshua Zdrodowski,1544,30,5,26,4,91.78,2.0
Joseph Cubitt,4874,41,25,5,3,94.04,1.0
Paul Krenik,744,17,3,27,11,97.5,1.0
Ryan Drost,734,11,5,22,18,88.52,1.0
Anson Reppermund,1346,17,7,22,13,88.24,1.0
Kyle Rubin,3076,25,24,15,0,93.55,0.0
Elliott Moore,1720,29,7,22,7,90.0,0.0
Jensen Wells,2144,27,14,21,2,96.69,0.0
Chris Ellis,40,1,0,1,1,0.0,-0.0
Anson Reppermund,3325,29,15,16,5,92.47,-0.0
Brian Stout,1486,20,10,23,7,94.55,0.0
Matthew Mcknight,3181,30,19,16,1,94.4,-0.0
Bryan Walsh,6066,47,24,3,2,91.18,-0.0
Keith McRae,2269,31,7,23,4,89.81,-0.0
Matt Stevens,862,26,3,29,4,100.0,-0.0
Jason Huynh,1844,26,15,20,3,92.86,-0.0
Nick Thompson,1769,26,12,23,2,94.68,-1.0
David Richardson,473,12,1,26,16,94.12,-1.0
Bobby Ley,3280,34,16,15,3,92.97,-1.0
Rocco Linehan,2038,28,9,21,6,88.24,-1.0
Andrew Carroll,2893,34,13,20,0,92.81,-1.0
David Bloodgood,1345,15,13,17,14,93.22,-1.0
Dean Ramsey,410,7,4,24,18,94.44,-1.0
Quinn Buermeyer,2477,39,7,20,4,88.46,-1.0
Kyle Rubin,1446,23,20,19,1,95.52,-2.0
Ryan Drost,519,8,2,24,19,93.88,-2.0
Mitchell Steiner,2087,18,13,18,10,92.61,-2.0
Casey Wu,1925,30,12,22,1,92.39,-2.0
Chris Bartoli,820,19,1,27,11,90.48,-2.0
Dean Ramsey,956,23,2,26,9,87.88,-3.0
Joshua Wilson,2060,23,20,15,5,94.07,-3.0
Jonathan Edwards,1547,32,1,27,4,88.89,-3.0
Reese Bowman,2103,27,10,21,5,92.91,-3.0
Tony Mounga,1274,18,1,25,13,90.16,-3.0
Jeremy Keusch,1379,15,10,21,11,94.55,-3.0
Jack Havey,4303,37,20,11,1,92.56,-4.0
Mike Drost,629,15,8,24,10,100.0,-4.0
Matt Russnogle,1164,25,3,26,6,84.62,-5.0
Philippe Le Bourdais,1581,31,7,25,1,90.63,-5.0
Ethan Bloodworth,2278,27,18,17,2,95.72,-5.0
Anil Driehuys,3056,33,7,22,2,92.92,-5.0
KJ Koo,1642,23,10,20,8,91.4,-5.0
Bradley Seuntjens,2002,21,13,18,8,90.35,-5.0
Travis Carpenter,3671,31,13,17,3,96.17,-5.0
Max Trifillis,1102,18,4,24,11,91.84,-6.0
Steven Milardovich,2900,28,11,19,4,91.67,-7.0
AJ Merriman,1470,18,4,24,10,89.47,-7.0
Duncan Fitzgerald,3637,31,23,10,2,94.44,-7.0
Antoine Davis,705,11,1,25,16,97.44,-7.0
Nick Hutton,735,18,4,21,15,89.38,-7.0
Luc Comire,2680,24,17,16,4,94.74,-8.0
Tyler Mitchuson,118,4,0,2,1,33.33,-8.0
Solomon Rueschemeyer-Bailey,3176,23,28,11,0,97.48,-8.0
Terrence Mitchell,1324,21,4,23,10,90.0,-8.0
Jeff Wodatch,1864,28,10,23,1,94.83,-8.0
Brett Hulsmeyer,839,12,3,21,18,89.33,-8.0
Daniel Lee,1243,17,6,25,8,100.0,-8.0
Tarik Akyuz,1743,25,6,23,6,91.21,-8.0
Oliver Fay,1148,18,9,21,9,90.0,-9.0
Jesse Johnson,1441,23,6,24,6,97.0,-9.0
Sam Cook,2821,30,13,19,1,95.19,-9.0
Moussa Dia,719,15,4,24,12,93.62,-9.0
Jonny Hoffman,1072,13,8,23,10,97.14,-10.0
Vincent Lemieux,3735,34,13,13,5,91.26,-10.0
Michael Tran,1429,19,12,20,7,95.2,-10.0
Michael Tran,2257,23,18,14,6,94.48,-10.0
Joshua Wilson,2240,24,9,18,9,93.06,-10.0
Jason Vallee,1205,25,9,21,6,94.07,-10.0
Paul Krenik,1130,26,4,26,4,98.18,-11.0
Marc Munoz,3593,33,14,16,1,93.62,-11.0
Jake Johnson,5102,39,12,10,6,93.17,-11.0
Solomon Rueschemeyer-Bailey,3851,19,24,11,4,97.39,-11.0
Justin Burnett,920,17,3,25,10,92.86,-11.0
Jeremy Langdon,1252,22,9,23,4,92.16,-12.0
Jacob Sames,2538,16,22,13,6,96.83,-12.0
Quinn Buermeyer,2311,21,13,18,6,95.48,-12.0
Jordan Queckboerner,1108,12,3,22,15,89.39,-12.0
Kai DeLorenzo,2355,21,20,6,13,84.92,-13.0
Wyatt Berreman,1246,15,5,19,15,87.5,-13.0
AJ Merriman,972,12,4,19,17,84.21,-13.0
Michael Fairley,1548,21,11,19,7,92.57,-13.0
Luke Marks,773,15,9,22,9,96.49,-13.0
Adam Turcotte,3970,25,16,14,4,94.69,-13.0
James Pollard,1679,22,3,22,9,85.71,-13.0
Quinn Snider,1766,28,9,22,2,93.83,-13.0
Oliver Fay,1113,17,6,23,9,96.08,-14.0
Robin Vickers Batzdorf,679,16,10,19,11,92.81,-14.0
Cody Curran,1172,22,4,24,7,92.11,-14.0
Bryce Lozinski,2489,28,13,19,1,95.31,-14.0
Aaron Rosenthal,941,16,8,21,9,89.13,-15.0
Anders Juengst,1204,25,8,24,2,96.04,-15.0
Mitchell Steiner,1944,16,12,14,13,89.47,-15.0
Matthew Crawford,1915,27,11,20,2,91.97,-15.0
Matt Hanna,845,17,7,21,10,89.83,-15.0
Eric Witmer,1592,19,9,18,10,90.91,-16.0
Raphy Hayes,2303,27,10,17,5,86.46,-16.0
Pete Zaccardi,1777,21,10,19,7,94.52,-16.0
Terry Gaither,1596,27,4,22,6,91.14,-16.0
AJ Merriman,1421,20,6,18,11,82.86,-16.0
JP Burns,1360,23,6,22,6,91.53,-17.0
Eli Park,2878,22,17,10,9,88.76,-17.0
Eric Brodbeck,2068,23,13,19,3,95.91,-17.0
Gregory Moreno,1573,15,10,18,11,94.81,-17.0
Drew Swanson,1157,17,4,22,10,87.5,-17.0
Victor Luo,3016,26,16,12,6,93.13,-18.0
Clint McSherry,2745,27,15,15,3,93.33,-18.0
Thomas Coolidge,1709,22,11,20,4,94.83,-18.0
Benjamin Sadok,4022,29,14,14,3,94.99,-18.0
Cameron Lacy,1109,16,13,14,12,90.0,-19.0
Tony Mounga,1025,22,3,19,9,76.47,-19.0
Derek Mourad,1870,22,13,20,2,97.81,-19.0
Carter Rae,1723,24,11,20,3,94.9,-19.0
Griffin McKee,2112,24,8,20,5,94.52,-20.0
Devon Terry,1351,19,5,20,10,89.36,-20.0
Cameron Kennedy,2233,27,9,19,3,90.91,-20.0
Joe Merrill,680,12,4,23,12,96.43,-20.0
Spencer Lofink,1422,23,5,21,7,90.35,-20.0
Jack Brown,2128,28,7,21,2,89.66,-20.0
Conner Henderson,2052,23,11,18,5,95.9,-21.0
Jake Carrico,717,16,4,23,10,95.16,-21.0
Adam Simon,2531,25,11,19,2,94.15,-21.0
Quentin Bonnaud,1457,26,3,25,3,95.52,-21.0
Jack Shanahan,1684,27,5,22,3,89.29,-21.0
Nate Goff,1276,17,4,15,16,82.42,-21.0
Tyler Chan,3183,29,7,20,2,94.55,-21.0
Cole Jurek,2750,27,9,21,1,98.4,-21.0
Kevin Quinlan,2693,36,10,16,1,90.0,-21.0
Alexandre Fall,746,17,3,23,9,88.0,-21.0
Marques Brownlee,1005,15,5,19,12,84.62,-21.0
Nick Hutton,1005,12,4,20,14,90.0,-21.0
Tannor Johnson-Go,1867,27,14,16,2,89.63,-22.0
Jasper Tom,1055,16,5,20,11,90.28,-22.0
John Randolph,1364,18,14,18,5,95.18,-22.0
Avery Johnson,1671,25,11,21,1,98.33,-22.0
Ke'ali McCarter,1194,11,2,18,17,85.0,-22.0
Nathan Hsieh,1200,25,5,23,3,89.74,-22.0
Jacob Duquette,2262,26,17,12,4,90.43,-23.0
Khalif El-Salaam,1492,25,2,17,12,86.41,-23.0
Oscar Stonehouse,1771,24,8,19,5,90.72,-23.0
Noah Saul,1447,20,11,16,9,93.84,-23.0
Spencer Lofink,1820,28,3,20,6,89.23,-24.0
Steven Milardovich,1413,19,8,18,9,91.94,-24.0
Jake Rubin-Miller,1189,18,2,22,10,92.0,-24.0
Zeppelin Raunig,1651,25,7,20,5,95.24,-24.0
Wilkie Lewis,2358,26,10,19,2,94.03,-24.0
Lincoln Grench,1010,24,5,22,5,92.86,-25.0
Nick Pappas,1094,20,5,24,5,98.04,-25.0
Zachary Armstrong,754,12,3,20,13,85.71,-25.0
Jackson Potts,1560,21,6,18,9,89.57,-25.0
Casey Wu,1555,28,6,22,1,90.67,-25.0
Connor DeLuna,724,21,0,27,6,100.0,-26.0
Conner Stillwell,3366,28,12,16,1,92.62,-26.0
Wyatt Berreman,770,15,5,23,9,100.0,-26.0
Aidan Lopez-Escarez,1118,15,6,13,10,71.11,-26.0
Kevin Healey,1798,24,6,22,3,93.98,-26.0
Matt Tucker,632,13,1,21,13,86.21,-26.0
Bryan Nguyen,2200,23,6,23,2,97.56,-27.0
Brian Gfroerer,1939,21,18,13,4,93.64,-27.0
Max Williams,1778,24,11,19,2,95.28,-27.0
Rocco Linehan,418,11,6,21,12,96.91,-27.0
Noah Chambers,2115,25,8,21,1,93.33,-27.0
Trey Dynes,2081,26,11,16,4,92.75,-27.0
Michael Tran,1561,21,12,15,8,95.59,-27.0
David Cranston,1044,9,9,18,12,93.75,-28.0
Steve Mogielski,865,11,6,17,14,87.8,-28.0
Brendan McCann,944,16,13,17,7,95.51,-28.0
Charlie McCutcheon,788,16,3,23,9,95.59,-28.0
Colin Beauregard,1786,18,6,15,13,90.71,-28.0
Orion Cable,1470,27,5,20,3,86.79,-28.0
Chris Lung,3163,34,16,8,4,90.76,-28.0
Chris Roach,1457,23,7,12,5,71.43,-29.0
Marc Munoz,2487,21,20,9,5,90.42,-29.0
Parker Bray,2178,23,11,16,4,90.57,-29.0
Robin Vickers Batzdorf,1847,17,15,15,6,96.19,-29.0
Jack Havey,2709,24,12,12,7,89.55,-29.0
Jeremy Knopf,2280,13,19,15,4,99.17,-29.0
Paul Krenik,1285,18,10,20,5,97.5,-29.0
Chris Roach,1027,18,1,14,11,73.08,-30.0
Michael Ntende,9,0,0,1,1,50.0,-30.0
Jordan Queckboerner,779,11,4,18,13,85.71,-30.0
Will Turner,1033,17,8,17,10,92.37,-30.0
Victor Luo,3983,30,14,10,4,94.32,-31.0
Charlie Vukovic,1091,14,3,20,11,91.11,-32.0
Tyler Chan,2113,19,12,14,7,91.34,-32.0
Raekwon Adkins,1270,26,3,18,6,85.14,-32.0
Jamie Kauffman,1052,17,5,21,7,92.11,-32.0
Zachary Burpee,2030,28,9,17,1,87.72,-32.0
Reese Bowman,1513,16,15,12,9,92.7,-32.0
Liam Haberfield,1599,22,5,18,7,89.38,-32.0
Paul Owens,1824,21,11,16,5,92.86,-33.0
Chris Bartoli,510,5,6,16,16,86.21,-33.0
Brad Houser,2601,27,6,18,3,91.06,-33.0
Nabil Chaouch,1117,20,3,19,8,86.96,-33.0
Jake Kenniv,2306,21,16,11,5,89.63,-33.0
Jasper Tom,775,18,4,21,8,93.44,-33.0
Benjamin Sokolowsky,2120,23,14,16,2,96.63,-33.0
Nate Little,582,12,3,14,9,71.43,-34.0
Jonathan Mast,4054,27,21,6,3,93.92,-34.0
Chris Walsh,3052,27,14,12,3,93.38,-34.0
Justin Winn,2217,31,8,14,2,84.48,-34.0
Munis Thahir,1573,23,8,18,4,91.67,-34.0
Pete Zaccardi,1689,24,2,18,8,88.24,-34.0
Jeff Zhao,2386,18,19,9,7,93.91,-34.0
Ross Barker,2160,22,10,15,5,90.85,-35.0
William Coffin,1539,22,5,17,7,88.35,-35.0
Henry Goldenberg,3941,33,13,9,4,94.42,-35.0
Brandon Matis,795,9,2,19,15,91.23,-35.0
Karl Ekwurtzel,2352,22,12,19,0,98.68,-35.0
Dustin Damiano,2377,16,27,7,3,94.74,-35.0
Mick Walter,905,12,9,17,10,93.22,-36.0
André Arsenault,703,12,4,18,12,88.46,-36.0
Elijah Long,1834,24,12,14,5,94.85,-36.0
Lukas McClamrock,843,18,12,16,5,90.91,-36.0
Conner Henderson,1145,20,10,18,4,93.75,-36.0
Mark Henke,491,11,5,19,10,87.88,-36.0
Topher Davis,1313,22,5,21,4,94.25,-36.0
Joe Leibforth,546,15,4,23,8,100.0,-36.0
Drew Happe,1212,16,11,18,6,97.79,-36.0
Avery Johnson,1447,18,10,19,4,96.49,-36.0
Christophe Tremblay-Joncas,1820,18,7,16,9,93.13,-37.0
Sam Stark,1144,18,8,21,4,98.39,-37.0
Jace Bruner,596,9,1,20,14,90.91,-37.0
Dominic Jacobs,916,17,3,20,9,92.31,-37.0
Wayne Lu,93,2,0,4,5,57.14,-38.0
Tim Schoch,1149,18,9,20,4,98.03,-38.0
Marc Munoz,2187,28,14,9,4,86.81,-38.0
Cam Thatcher,1336,24,4,20,3,89.32,-38.0
Elliott Moore,1418,22,9,19,2,93.75,-38.0
Noah Celuch,2643,22,13,12,6,95.48,-39.0
Marc Munoz,2054,22,15,14,2,95.91,-40.0
Jeffrey Robinson,855,12,11,14,10,91.26,-40.0
Thomas Lalonde-Landry,649,9,5,18,13,93.59,-40.0
Tanner Robinson,1733,19,7,17,7,94.56,-40.0
Christophe Tremblay-Joncas,889,14,8,17,8,90.74,-40.0
Nick Mahan,944,10,6,19,11,97.5,-41.0
Jack Hatchett,1189,20,3,16,6,81.63,-41.0
Felix Moren,2448,27,5,15,3,85.71,-41.0
Daniel Brunker,1866,22,10,15,4,91.45,-41.0
Marty Adams,1723,16,13,13,6,90.7,-41.0
Gavin Leahy,1735,21,11,17,2,94.06,-41.0
Phillip Joyce,349,10,1,12,11,73.08,-42.0
Oliver Artus,1638,25,4,19,2,89.06,-42.0
Chase Marty,838,19,3,22,6,97.78,-42.0
Devon Terry,826,14,2,22,9,97.37,-42.0
Genichi Nakano,1335,15,0,17,13,89.06,-42.0
Rhys Bergeron,664,12,4,20,10,95.35,-42.0
Tobias Brooks,1689,22,9,19,1,95.06,-42.0
Nathanial Dick,3617,21,24,7,1,97.31,-42.0
Joshua Venegas,273,8,1,20,14,92.31,-42.0
Marques Brownlee,1485,17,10,12,7,84.62,-42.0
Sam VanDusen,3074,27,10,4,10,83.41,-42.0
Josh Moore,1206,17,8,18,5,93.33,-43.0
Jordan Rhyne,3580,25,21,3,5,91.91,-43.0
Zachary Cotter,1309,17,3,15,9,83.87,-43.0
Parker Howard,2005,24,6,16,5,91.67,-43.0
Simon Charette,373,7,3,5,2,61.54,-43.0
Jakeem Polk,639,10,2,20,13,96.3,-43.0
Grant Lindsley,2762,25,11,13,3,93.31,-44.0
Daniel Ritthaler,1413,22,4,18,6,92.99,-44.0
Bret Bergmeier,1430,18,10,16,5,94.12,-44.0
Joe White,1754,24,10,15,2,90.65,-44.0
Mike Drost,783,11,5,20,10,98.44,-44.0
Jeff Weis,3132,32,18,7,1,93.93,-44.0
Jack Kelly,1679,26,10,16,1,92.91,-44.0
Noah Coolman,1102,16,4,15,9,85.71,-45.0
Ryan Shigley,1639,19,7,16,7,93.98,-45.0
Conner Stillwell,2227,19,13,12,4,90.63,-46.0
Everett Saunders,1054,15,3,18,9,91.18,-46.0
Caleb Stanish,883,13,7,17,9,94.34,-46.0
Aidan Lopez-Escarez,535,7,2,15,15,85.0,-46.0
Dylan Power,2543,20,14,13,3,95.88,-46.0
Wilkie Lewis,1528,20,10,15,3,89.86,-46.0
Greg Martin,1520,19,7,19,4,96.88,-46.0
Isaac Leonard,1098,15,9,18,5,95.08,-46.0
Eric Witmer,1342,14,10,17,6,96.92,-47.0
Daniel Robinson,2184,21,11,15,3,95.8,-47.0
Trevor Purdy,717,9,5,18,11,93.75,-47.0
Will Hoffenkamp,2725,26,17,7,4,93.62,-47.0
Kai DeLorenzo,2688,21,14,8,5,88.03,-47.0
Chris Bartoli,578,12,3,19,10,92.59,-47.0
William St-Pierre,1581,25,5,18,1,89.66,-48.0
Kurt Gibson,1425,21,5,18,5,94.2,-48.0
James Kittlesen,775,9,3,18,12,92.31,-48.0
Tony Mounga,974,16,2,21,6,92.86,-48.0
Robin Vickers Batzdorf,671,11,10,14,10,93.22,-49.0
Will Selfridge,1715,21,7,17,3,92.79,-49.0
Fletcher Hare,1126,13,3,20,9,97.22,-49.0
Jesse Johnson,1210,17,6,16,7,91.36,-49.0
Jake Radack,3505,25,18,7,2,93.81,-49.0
Andrew Meshnick,683,12,4,17,10,90.2,-49.0
John Clyde,2313,28,12,6,5,86.03,-50.0
Nick Hutton,829,14,5,13,12,88.66,-50.0
Ben Green,561,5,2,15,15,86.21,-50.0
Rhys Bergeron,822,14,6,16,9,92.21,-50.0
Eric Witmer,1173,12,11,10,12,91.3,-50.0
Kyle Weinberg,1061,19,3,21,4,94.67,-50.0
Ryan Drost,335,8,4,20,12,100.0,-50.0
Brendan McCann,1524,17,5,13,11,91.01,-50.0
Matthew Burke,996,11,4,18,10,94.0,-50.0
Charles Guay,1085,15,9,13,9,91.54,-50.0
Ted Schewe,2773,25,10,12,3,92.51,-51.0
Eric Carter,798,13,17,11,5,91.95,-51.0
Didzis Malderis,808,17,3,19,6,91.8,-51.0
Kevin Tien,685,13,2,16,10,86.67,-51.0
Dylan Hawkins,1785,21,10,15,3,94.44,-51.0
Tannor Johnson-Go,2048,21,14,12,1,91.13,-51.0
Oscar Stonehouse,1844,19,9,11,6,86.96,-51.0
Nate Knutson,487,11,4,19,9,93.33,-51.0
Carl Johnson,1205,18,5,16,7,92.19,-52.0
Ben Landry,2443,14,10,13,8,96.21,-52.0
Antoine Dubé,798,12,4,16,10,90.0,-52.0
Christian Olsen,1831,17,15,13,3,96.54,-52.0
Abe Coffin,2076,23,12,12,2,91.62,-52.0
Kenny Furdella,1371,17,12,17,2,98.48,-52.0
Seamus Robinson,847,13,3,16,10,89.06,-52.0
Jacques Nissen,2343,18,16,12,2,96.67,-53.0
Jacky Hau,730,12,5,16,9,90.57,-53.0
Scott Radlauer,1036,11,3,15,11,88.1,-53.0
Marco Dregni,1490,20,12,13,3,92.44,-53.0
Shane Worthington,978,9,5,13,11,85.71,-53.0
David Bloodgood,1068,18,10,13,6,91.78,-53.0
Andrew Meshnick,1112,11,6,16,9,92.06,-53.0
Antoine Davis,668,9,2,16,11,86.49,-53.0
Keith McRae,2930,25,8,13,1,90.0,-54.0
Jake Steslicki,1353,17,14,13,4,95.98,-54.0
Ben Katz,3072,20,16,4,8,91.84,-54.0
Colin Berry,1244,16,8,13,8,91.3,-54.0
Colin Sunde,2714,18,14,12,3,96.44,-55.0
William Brandt,1628,23,12,14,1,95.03,-55.0
Suraj Madiraju,893,14,12,15,5,96.18,-55.0
Kyle Rubin,1992,20,14,9,3,89.05,-55.0
Stewart Kelley,259,7,0,11,5,71.43,-55.0
Anders Olsen,1289,21,8,17,2,94.62,-55.0
Jacob Fella,594,8,4,12,11,82.86,-56.0
Jace Duennebeil,831,18,3,18,3,87.5,-56.0
Matt Bennett,2972,31,12,4,6,90.7,-56.0
Jacob Miller,856,14,5,17,8,94.74,-56.0
Ryan Holmes,318,6,1,8,5,70.0,-57.0
Adam O'Donnell,2808,23,14,11,1,95.79,-57.0
Max Sheppard,2347,29,2,11,4,84.93,-57.0
Jordan Rhyne,3885,30,16,5,2,94.7,-57.0
Kenny Lane III,2570,21,19,8,1,94.58,-57.0
Anthony Jirele,626,11,6,18,8,96.55,-57.0
Brendan Adams,2733,27,11,7,4,89.22,-57.0
Jeremiah Branson,1672,19,11,14,3,95.12,-57.0
Jacob Wham,1005,16,3,19,6,94.44,-57.0
Michael Tran,1131,12,7,14,10,93.96,-57.0
Carter Hawkins,1886,20,7,14,6,95.0,-57.0
Kennith Taylor,584,11,3,14,7,82.61,-58.0
Justin Burnett,769,8,3,14,11,86.49,-58.0
Liam Searles Bohs,1598,17,10,17,2,97.96,-58.0
Joe Cercello,1006,14,3,17,7,90.57,-58.0
Tony Poletto,2525,23,12,11,3,95.69,-58.0
Brendan Adams,2113,17,15,5,7,88.08,-58.0
Greg Cousins,1842,19,13,12,2,92.5,-58.0
Cameron Brock,1856,22,9,15,1,93.6,-58.0
Alex Mullen,1153,16,12,15,2,94.64,-59.0
Jacob Fella,967,13,9,13,7,90.91,-59.0
Nico Lake,2647,24,7,15,2,96.19,-59.0
Nate Knutson,1339,19,5,17,5,95.59,-59.0
Scott Heyman,1555,17,13,9,4,88.54,-60.0
Jake Thorne,1276,15,5,16,7,94.19,-60.0
Nico Ranabhat,965,14,5,14,6,86.84,-60.0
Nathan Huff,772,12,9,14,7,92.77,-60.0
Mick Walter,725,9,3,17,11,94.44,-60.0
Julien Sénéchal,1349,15,8,16,5,95.77,-60.0
Brandon Van Deusen,2085,23,18,5,2,90.16,-61.0
Mitchell Steiner,1417,15,7,13,8,93.22,-61.0
Nick Hutton,971,11,5,6,8,76.81,-61.0
Thomas Konogeris,698,22,1,23,2,100.0,-61.0
Timmy Perston,499,9,1,4,0,66.67,-61.0
Gustav Haflin,690,14,2,21,7,100.0,-61.0
Daniel Garlock,2424,18,15,8,4,92.76,-61.0
Ted Schewe,3547,28,11,9,1,93.09,-61.0
Ethan Fortin,1114,16,10,15,4,95.73,-61.0
Michael Fairley,1008,14,2,18,8,94.74,-61.0
Martin Le,886,17,5,18,4,94.59,-61.0
Martin Shiu,89,2,1,4,3,66.67,-61.0
Cal Tornabene,1107,18,9,16,4,98.36,-61.0
Grant Maynard,1465,19,8,14,3,91.95,-62.0
Reggie Sung,466,7,1,9,6,73.91,-62.0
Charlie McCutcheon,778,13,6,19,6,100.0,-62.0
Karl Ekwurtzel,1533,17,10,15,2,94.25,-62.0
Tristan Van de Moortele,1271,13,13,10,7,93.78,-63.0
Dalton Smith,1190,12,9,14,7,95.31,-63.0
Brendan McCann,1191,16,8,13,6,92.31,-63.0
Iain Mackenzie,1353,15,9,13,5,92.13,-63.0
Corey Hardesty,949,16,7,19,3,100.0,-64.0
Eugene L'Heureux,1765,17,13,6,7,89.41,-64.0
Bretton Tan,444,11,1,18,9,92.31,-64.0
Oliver Fay,898,9,8,12,9,90.2,-64.0
Garrett Santi,988,9,7,7,10,82.05,-64.0
Dominic Leggio,1281,8,13,11,9,96.38,-64.0
Andrew McKelvey,512,10,2,9,4,75.0,-64.0
Connor Russell,534,9,5,11,10,85.96,-65.0
Dominic Jacobs,618,12,4,17,8,95.24,-65.0
Garrett Martin,1481,24,4,12,3,87.1,-65.0
KJ Koo,1586,19,7,16,1,93.14,-65.0
Jesse Cohen,1246,20,7,17,1,95.31,-65.0
Colin Masino,557,6,1,14,14,89.58,-65.0
Rhys Bergeron,673,12,5,14,7,89.29,-66.0
Trevor Lynch,1511,19,13,12,0,92.41,-66.0
Steven Chang,2198,20,11,13,1,95.31,-66.0
Colin Sunde,2231,19,13,12,1,95.88,-66.0
Andrew Padula,518,5,6,12,13,91.07,-66.0
Kelvin Huang,612,14,1,10,1,75.0,-66.0
Elijah Jaime,1328,23,6,16,1,94.51,-67.0
Austin Barden,1273,18,5,12,3,85.45,-67.0
Jasper Tom,692,11,6,15,8,94.34,-67.0
Jackson Stearns,617,8,3,11,6,80.0,-67.0
James Kloss,1159,11,10,6,7,83.13,-67.0
Luc Comire,2405,18,18,8,1,95.25,-67.0
Jeff Graham,808,16,12,15,2,97.65,-67.0
Kainoa Chun-Moy,1314,16,10,12,5,93.8,-67.0
Gustav Haflin,738,7,6,15,10,95.45,-68.0
Cal Tornabene,539,9,5,17,9,97.87,-68.0
Jacob Duquette,916,16,5,15,6,93.62,-68.0
Jon Snyder,1365,17,13,10,3,92.13,-68.0
Joshua Zdrodowski,593,14,1,16,5,86.96,-68.0
Matt Smith,1679,14,12,15,2,99.02,-68.0
Nicholas Betsch,1982,20,8,12,4,93.82,-68.0
Charlie McCutcheon,497,12,1,16,8,90.0,-69.0
Elliott Moore,1194,19,5,16,3,94.37,-69.0
Cam Wariner,731,10,3,10,7,81.58,-69.0
Tyler Randall,845,10,13,12,6,95.79,-69.0
Josh Moore,1728,23,8,12,1,91.04,-69.0
Michael Jordan,1683,13,10,12,4,92.11,-69.0
Dane Bossert,1142,11,7,11,8,89.86,-70.0
Orion Cable,965,18,3,15,0,85.29,-70.0
Adam Turcotte,2640,18,16,1,7,89.27,-70.0
Jonathan Mast,3068,17,24,4,0,96.4,-70.0
Bryan Downey,1445,13,6,11,5,86.59,-70.0
Peter Geertz-Larson,1371,21,6,11,2,86.79,-70.0
Jamie Kauffman,592,11,5,14,7,90.48,-70.0
Jake Steen,1665,22,6,14,1,92.06,-71.0
Antonio Rueda,2072,17,17,5,4,92.66,-71.0
Tim McAllister,655,10,6,15,7,93.75,-71.0
Eli Kerns,1137,19,4,9,6,85.44,-71.0
John Wellers,303,2,1,15,15,92.86,-71.0
David Valentine-Elam,1843,20,5,12,5,91.95,-71.0
Grant Harris,858,9,5,14,10,94.67,-71.0
Oscar Graff,248,6,2,6,4,73.91,-72.0
Jordan Salazar,1283,15,4,14,5,90.79,-72.0
Avery Johnson,1331,20,9,13,1,93.14,-72.0
Matej Petrovic,363,8,3,15,9,90.91,-72.0
Trip Crowley,671,18,2,15,1,85.71,-72.0
Mason Zetsch,803,12,3,12,5,84.62,-73.0
Melvyn Brichet,1650,14,13,6,5,88.79,-73.0
Thomas Lalonde-Landry,502,9,2,6,6,76.47,-73.0
Brandon Matis,848,11,2,14,7,88.57,-74.0
Asher Lantz,523,7,3,15,11,94.59,-74.0
Jeremy Hess,819,13,2,15,6,90.2,-74.0
Nathan Ploeger,665,8,2,1,3,70.97,-74.0
Dylan Hawkins,1190,14,9,13,3,92.86,-74.0
Gustav Haflin,645,8,4,13,10,91.43,-74.0
Ethan Li,1138,12,14,6,6,90.0,-75.0
Duncan Fitzgerald,1120,14,6,13,5,92.04,-75.0
Colin Berry,847,12,6,14,6,93.62,-75.0
Trip Crowley,661,15,2,14,2,85.19,-75.0
Sacha Poitte-Sokolsky,1064,14,6,15,5,95.52,-75.0
Charlie Vukovic,1014,11,5,11,9,90.63,-75.0
Calvin Trisolini,2524,18,8,12,3,95.69,-76.0
Elliot Sakach,1029,12,4,12,7,89.55,-76.0
Trip Crowley,1174,15,3,12,4,86.54,-76.0
Max Thorne,1861,19,10,12,1,94.79,-76.0
Luke Webb,821,10,1,16,7,91.18,-76.0
Josue Alorro,952,13,8,13,5,94.12,-76.0
Aiden Rudy,1770,21,3,8,5,85.6,-76.0
Dmitry Suvorov,1223,16,10,15,1,97.5,-76.0
Matt Hanna,915,17,5,16,2,93.75,-76.0
Daniel Brunker,2265,22,10,11,0,94.32,-77.0
Andrew Meshnick,1568,17,3,9,6,86.27,-77.0
Matt Miller,991,15,6,15,4,95.38,-77.0
Owen Watt,1252,14,5,3,3,77.19,-77.0
Ryan Weaver,2841,17,14,7,3,94.9,-78.0
Brendan McCann,879,15,5,11,5,88.52,-78.0
Maxwell Hume,427,5,2,8,9,81.08,-78.0
Mike Arcata,886,14,3,8,4,81.54,-78.0
Brandon Dial,780,11,5,14,7,93.85,-78.0
Wyatt Berreman,502,8,5,14,8,93.1,-78.0
Malachi Neil,452,6,1,16,12,96.0,-78.0
Jakeem Polk,555,12,0,12,6,84.21,-78.0
Tarik Akyuz,1100,12,5,13,5,90.48,-78.0
Anthony Prato,1718,17,12,9,4,95.35,-78.0
Dylan Nice,693,13,6,13,5,91.67,-78.0
Ethan Bloodworth,1036,14,9,12,3,92.31,-78.0
Ywan Cohonner,478,8,5,15,8,95.45,-79.0
Jacob Kaplan,1873,20,6,13,2,94.32,-79.0
Lucas Coniaris,1664,20,8,14,0,95.57,-79.0
Fletcher Hare,604,11,2,15,7,92.0,-79.0
Mickey Walsh,610,14,5,12,4,88.37,-79.0
Stefan Samu,654,9,4,13,8,91.43,-79.0
Dex Dremann,1187,15,9,8,7,91.79,-79.0
Zachary Cotter,1004,12,5,11,6,89.29,-80.0
Thomas Konogeris,552,13,3,12,2,84.21,-80.0
Sam Kaminsky,1002,16,8,12,4,94.16,-80.0
Pete Zaccardi,1413,14,9,8,8,93.52,-80.0
Steven Wartinbee,1531,18,9,12,2,95.2,-80.0
Ryan Shephard,814,11,2,15,8,93.88,-80.0
Jordan Taylor,1121,17,4,18,2,98.46,-80.0
Milan Ravenell,816,10,7,9,6,87.18,-80.0
Billy O'Bryan,821,13,10,11,4,93.2,-81.0
Gabe Colton,701,9,3,15,8,94.44,-81.0
Matt LaBar,856,15,6,13,3,91.67,-81.0
Lucas Coniaris,1547,20,7,9,2,88.98,-81.0
Quinn Bergeron,570,4,4,10,11,88.37,-81.0
Phil Turner,707,7,1,14,11,92.86,-81.0
Ben Close,544,9,2,16,8,94.44,-81.0
Emmet Shipway,900,14,10,13,1,93.44,-81.0
Pete Zaccardi,1307,11,6,9,8,90.27,-82.0
Bradley Seuntjens,462,6,6,13,9,94.23,-82.0
Kevin Anthony,2058,17,16,3,3,90.63,-82.0
Ben Green,445,6,3,12,10,90.0,-82.0
Connor Russell,1064,13,2,10,5,85.19,-82.0
Kelsen Alexander,1437,16,11,11,2,95.71,-83.0
Kevin Healey,907,16,6,13,2,91.89,-83.0
Mike Campanella,807,10,2,13,8,91.3,-83.0
Jibran Mieser,725,13,2,15,4,90.91,-83.0
Michael Jordan,1609,16,9,13,1,95.65,-83.0
Kevin Groulx,2724,25,13,3,1,90.4,-83.0
Zac Byrnes,464,8,3,15,9,95.45,-83.0
Antoine Rousseau,3047,20,13,6,2,94.38,-83.0
Rui Carvalho,433,7,1,12,10,88.64,-83.0
Paul Arters,2378,24,12,5,1,91.23,-83.0
Casey Shugarman,480,8,2,14,10,93.75,-83.0
Bryce Lozinski,2395,19,15,5,2,93.85,-84.0
Dean Bullock,639,5,1,14,11,92.86,-84.0
Brandon Pastor,1053,17,3,18,2,98.21,-84.0
Mark Evans,2168,23,8,7,2,90.5,-84.0
Nate Little,1107,13,5,10,4,87.5,-84.0
Porter Oyler,702,8,6,10,7,88.89,-84.0
Jeffrey Silverman,436,5,2,15,11,95.65,-84.0
Nathan Ploeger,1281,15,7,9,2,87.5,-84.0
Scott Radlauer,848,9,0,6,8,80.77,-84.0
Luke Brennan,1072,13,4,9,7,88.42,-84.0
Tristan Yarter,965,12,2,9,9,88.1,-84.0
Chris Lung,1015,10,8,10,6,92.0,-85.0
Matthew Glazer,1617,18,13,9,1,95.33,-85.0
Calvin Brown,655,9,3,6,4,80.0,-85.0
Matthew Kissmann,2278,13,22,5,0,97.17,-85.0
Anthony Davis,697,9,3,13,7,91.18,-85.0
Tanner Robinson,376,11,3,10,5,85.37,-85.0
Caleb Dixon,1150,10,4,13,6,92.31,-85.0
Mike Drost,582,10,3,13,7,91.49,-85.0
Nate Ransom,1936,22,8,9,2,93.55,-86.0
Nate Ransom,850,13,2,9,8,87.74,-86.0
Jake Taylor,1470,13,14,9,2,95.42,-86.0
Matt Hanna,1075,15,3,15,4,94.92,-86.0
Henry Goldenberg,1191,17,6,13,3,95.31,-86.0
Conor Bauman,612,15,4,11,5,89.9,-86.0
Sam Ward,482,10,1,11,5,85.0,-86.0
Peter Geertz-Larson,936,11,4,14,4,91.89,-86.0
Kelvin Williams,436,5,2,16,12,100.0,-86.0
Julian Saunt,498,8,2,8,5,81.82,-86.0
Ryan Kindell,353,8,1,7,5,80.0,-86.0
Brandon Matis,573,8,1,15,9,94.29,-86.0
Ray Mendoza,461,6,3,9,9,86.49,-86.0
Cole Davis-Brand,1540,17,10,10,1,92.92,-86.0
Cam Bellando,338,8,2,6,5,80.0,-87.0
Jonah Stang-Osborne,1039,16,6,11,3,91.26,-87.0
Morgan Sommer,758,5,6,8,8,87.23,-87.0
Avery Johnson,1831,18,11,8,0,91.11,-87.0
Kevin Tien,355,9,1,13,6,88.24,-87.0
Mica Glass,1054,15,5,12,4,92.65,-87.0
Ben Ashton,1021,9,5,10,6,88.89,-87.0
Dmitry Suvorov,1251,16,8,14,2,98.18,-87.0
Oliver Chartock,718,10,6,12,6,93.15,-87.0
Julien Bernat,1409,7,8,9,10,95.24,-87.0
Tyler Bacon,949,10,7,5,9,87.5,-87.0
Mike Kobyra,501,6,3,13,10,93.65,-87.0
Ywan Cohonner,385,11,1,14,7,91.67,-87.0
Brandon Fein,1277,11,6,10,6,91.82,-88.0
Ryan Holmes,658,9,2,15,8,95.45,-88.0
Felix Leonard,1546,15,13,8,0,91.85,-88.0
Jeff Holm,906,12,4,14,6,95.83,-88.0
Ethan Bloodworth,971,13,2,13,7,93.55,-88.0
Chris Bubernak,330,7,3,8,4,81.82,-88.0
McKay Yorgason,2296,16,13,9,1,97.15,-89.0
Eugene L'Heureux,852,10,3,12,6,90.7,-89.0
Nathan Huff,875,11,7,12,4,93.33,-89.0
Cole Moore,800,11,6,5,3,82.46,-89.0
Joel Close,559,9,5,15,8,100.0,-89.0
Troy Holland,587,12,4,14,5,94.34,-89.0
Antoine Dubé,607,13,2,14,5,92.86,-90.0
Antonio Rueda,1206,12,8,8,7,92.99,-90.0
Adam O'Donnell,2864,19,16,4,1,94.97,-90.0
Ted Schewe,1244,13,9,9,0,88.24,-90.0
Kevin Tong,402,7,0,13,9,90.48,-90.0
Nicholas DiGiorgio,965,17,1,10,3,86.57,-90.0
Matt Gubernick,180,3,0,4,2,75.0,-90.0
Will Dillender-Kinast,44,3,0,4,2,75.0,-90.0
Dylan Hall,737,13,1,8,5,84.62,-91.0
Terry Gaither,359,5,0,10,7,84.21,-91.0
Thomas Shope,395,2,1,12,12,91.3,-91.0
Shaun Seidenberger,1641,15,6,9,5,92.45,-91.0
Rhys Gretsch,653,12,5,8,3,85.45,-91.0
Michael Brisbois,1136,16,5,10,2,89.47,-91.0
Jon Snyder,2687,19,16,4,0,94.3,-92.0
Cody McInnis,1042,13,10,7,2,88.89,-92.0
Ian McCosky,944,8,15,9,4,97.62,-92.0
Frankie Gomez,543,10,2,7,3,81.82,-92.0
Landon Shank,557,13,5,14,4,95.59,-92.0
Eric Nardelli,642,10,7,8,7,90.7,-92.0
Eddie Finley,417,5,3,8,8,85.71,-92.0
Maxwell Hume,1471,15,7,11,1,92.13,-92.0
Zach Heiden,461,9,1,5,3,78.95,-92.0
Eric Nardelli,740,13,5,13,3,92.98,-92.0
Reed Browning,625,14,1,14,4,91.67,-92.0
Tyler Mitchuson,164,2,0,4,5,76.92,-92.0
Michael Matthis,1039,16,6,12,2,93.94,-93.0
Matt Gouchoe-Hanas,1401,13,14,10,1,98.13,-93.0
Shane Worthington,793,9,4,10,7,90.74,-93.0
Kevin van Roosmalen,251,4,2,3,2,76.47,-93.0
Trevor Purdy,352,5,1,5,4,78.95,-93.0
Jimmy McGuinness,270,3,2,9,9,86.36,-93.0
Chris Mazur,1120,13,10,7,3,90.68,-93.0
Aidan Curry,1332,17,3,13,3,94.25,-93.0
Jacob Wham,1219,15,6,9,1,88.33,-93.0
Hayden Stone,1448,16,12,8,0,92.59,-93.0
Brandon Li,418,6,3,10,6,86.96,-93.0
Braden Eberhard,856,9,10,11,5,97.0,-94.0
Sam Feder,724,12,5,11,3,90.38,-94.0
William Coffin,825,14,1,10,1,84.85,-94.0
David Nester,1243,15,7,11,2,93.55,-94.0
Steven Kelly,706,10,2,9,6,87.5,-95.0
Frederick Farah,333,9,1,17,8,100.0,-95.0
William Coffin,912,10,2,12,6,91.67,-95.0
Joe Sefton,1569,15,12,7,0,91.62,-95.0
Ben Landry,2037,12,17,5,2,95.63,-95.0
Collin Gall,1835,19,14,5,1,94.12,-95.0
Brandon Fein,520,8,7,12,6,95.52,-95.0
Dan Baumgartner,288,6,1,5,3,78.95,-95.0
Tom Doi,1088,18,2,11,1,88.89,-95.0
Logan Call,768,13,1,16,5,96.77,-95.0
Nick Loughran,503,9,4,11,5,90.32,-96.0
Grayson Sanner,1140,16,2,14,2,93.67,-96.0
Axel Agami,382,11,2,17,6,100.0,-96.0
Justin Wollin,2125,15,8,6,6,93.69,-96.0
Marcelo Sanchez,1262,13,8,8,4,92.0,-96.0
Charlie Furse,961,16,4,13,2,94.05,-96.0
David Shields,1703,16,8,9,3,94.85,-96.0
Turner Allen,338,7,1,11,6,87.5,-96.0
Jeffrey Silverman,334,8,1,15,7,95.0,-97.0
Gabriel Monfette,1172,17,4,13,2,95.33,-97.0
Jared Morrow,76,1,1,3,5,77.78,-97.0
Robby Davenport,678,10,5,14,6,98.59,-97.0
Steve Mogielski,485,9,3,11,4,88.89,-97.0
Alex Pien,875,13,4,5,3,84.0,-97.0
Alex Gravatt,149,7,1,9,3,83.33,-98.0
Reggie Sung,512,9,1,7,1,81.25,-98.0
William Wettengel,643,11,1,10,6,88.89,-98.0
Antoine Rousseau,1271,7,9,5,9,92.26,-98.0
Reggie Sung,355,7,2,5,4,81.48,-98.0
Alex Donadio,293,5,4,6,6,84.38,-98.0
Ethan Bloodworth,785,11,8,10,3,92.77,-98.0
Thomas Lalonde-Landry,434,9,3,7,3,83.72,-98.0
Aaron Peterschmidt,1040,14,4,14,3,97.01,-99.0
Matthew Mcknight,1474,19,4,13,1,96.06,-99.0
Marcel Oliart,2133,18,9,7,0,92.09,-99.0
Jack Nelson,272,5,0,10,7,86.67,-99.0
Ridge Huang,1707,16,10,9,1,95.53,-99.0
Jakob Brissette,2772,18,15,2,1,92.96,-99.0
Jace Bruner,455,5,5,8,7,88.64,-99.0
Dennis Casio,1852,12,12,8,2,95.67,-99.0
Elliot Davis,967,10,2,7,5,86.21,-100.0
Brandon Dial,467,10,2,15,6,97.22,-100.0
Dane Bossert,586,9,5,6,5,86.49,-100.0
Marc Sands,1107,12,9,6,2,89.16,-100.0
Ian Engler,2494,15,10,8,2,96.42,-100.0
Nick Pappas,783,11,2,10,5,89.58,-100.0
Player Pierce,1899,15,15,5,0,94.33,-101.0
Topher Davis,634,8,9,12,4,97.59,-101.0
Landon Lavoie,560,7,2,4,7,83.58,-101.0
Nico Ranabhat,505,11,1,13,5,92.59,-101.0
Jeffrey Burris,620,7,3,9,4,86.96,-101.0
Nate Wipfler,493,7,0,4,5,81.25,-102.0
Zach Norrbom,1540,16,6,14,0,98.55,-102.0
Jason Lam,521,7,6,7,6,89.33,-102.0
Raphaël Lalonde-Landry,933,13,8,9,3,93.81,-102.0
Kennith Taylor,692,9,5,12,6,96.36,-102.0
Leander Ramirez,1349,13,9,9,1,93.33,-102.0
James Kittlesen,390,5,3,14,10,100.0,-103.0
Matthew Rehder,812,11,1,10,4,88.89,-103.0
Alex Thorne,2878,17,12,5,1,95.2,-103.0
Nic Lanas,1691,16,7,8,2,93.1,-103.0
Travis Puckrin,580,8,3,5,5,84.62,-103.0
Bryce Lozinski,1393,13,8,6,4,91.85,-103.0
Emmet Shipway,223,5,0,4,2,78.95,-103.0
Ian McCosky,303,8,4,12,6,94.23,-103.0
Alex Thorne,2138,18,9,8,0,94.47,-103.0
Ethan Pollack,739,7,4,11,7,94.44,-104.0
Vincent Genest,696,10,2,7,4,86.05,-104.0
Luke Rehfuss,540,9,1,16,7,100.0,-104.0
Kenny Lane III,1244,15,7,10,2,95.04,-104.0
Garrett Hable,611,9,2,11,5,91.11,-104.0
Bradley Seuntjens,799,8,9,10,5,96.9,-104.0
Josh Hartzog,697,10,4,9,4,89.86,-104.0
David Petsinis,828,11,6,10,3,93.1,-105.0
Gavin Abrahamsson,519,8,2,13,7,95.83,-105.0
Ian Engler,1990,11,12,9,1,97.58,-105.0
Melvyn Brichet,563,8,3,7,4,86.36,-105.0
Eric Nardelli,1208,12,5,4,6,88.51,-105.0
Josh Moore,1091,12,8,10,3,96.05,-105.0
John Cecil,862,13,5,11,3,94.44,-105.0
Tevor Balfour,452,4,2,6,6,84.85,-105.0
Christian Johnson,1166,11,4,4,2,84.13,-105.0
Rhys Gretsch,989,13,2,7,3,87.34,-106.0
Milan Rivas,1187,16,10,8,1,95.3,-106.0
Ryan Drost,503,10,1,13,5,93.55,-106.0
Owen Smith,334,6,1,4,1,80.0,-106.0
Sam Warrick,463,3,2,8,6,87.1,-107.0
Phil Turner,464,1,5,4,8,86.05,-107.0
Brandon Pastor,943,11,6,14,3,100.0,-107.0
Max Grove,1424,12,10,4,4,91.82,-107.0
Austin Kelly,1934,14,10,5,1,91.67,-107.0
Reid Martin,975,13,8,11,3,99.0,-108.0
David Cranston,519,8,6,11,6,96.91,-108.0
Garrett Santi,201,5,0,3,1,78.95,-108.0
Dominic Jacobs,602,10,1,10,4,89.66,-108.0
Scott Hearne,606,8,5,8,5,90.74,-108.0
Kevin Farrell,478,10,2,11,3,90.48,-108.0
Robby Davenport,1982,16,7,6,4,94.3,-108.0
Kenny Furdella,1569,15,5,12,2,97.77,-108.0
Daniel Garlock,1468,13,6,10,2,94.64,-108.0
Garrett Santi,664,8,0,6,4,84.21,-108.0
Adam Simon,1455,14,8,6,2,91.78,-108.0
Franky Fernandez,256,6,0,15,10,100.0,-108.0
Ethan Fortin,1044,13,8,8,3,94.67,-109.0
Leandro Marx,855,15,6,8,0,90.32,-109.0
Kevin Anthony,979,11,5,3,3,85.57,-109.0
Alan Gruntz,127,4,0,2,0,77.78,-109.0
Jon Snyder,1946,19,11,4,1,94.18,-109.0
Anthony Davis,484,8,1,9,6,89.66,-109.0
Kevin Land,1123,16,4,11,2,95.24,-109.0
Caiden Burt,985,6,9,3,8,91.18,-109.0
Zac Schakner,730,10,3,11,4,93.18,-109.0
Shane Worthington,367,8,2,8,3,86.96,-110.0
Kevin Healey,817,11,3,12,4,95.24,-110.0
Joel Clutton,387,3,2,6,6,85.71,-110.0
Rui Carvalho,995,10,8,8,3,93.59,-110.0
David Shields,679,10,6,9,4,93.51,-110.0
Kushal Khangaonkar,367,9,3,7,2,86.49,-111.0
Mike Campanella,568,7,10,8,5,96.09,-111.0
Thomas Duplaix,608,9,4,6,4,88.06,-111.0
Chris Graber,356,11,1,16,5,100.0,-111.0
Colin Beauregard,502,4,1,3,5,82.35,-111.0
Mason Zetsch,391,9,3,12,5,95.24,-111.0
Scott Hearne,899,15,2,11,2,93.26,-112.0
Matt LaBar,405,9,0,9,3,87.5,-112.0
Jacob Wham,532,9,4,9,5,92.59,-112.0
Adam O'Donnell,1813,14,12,5,2,95.81,-112.0
Cedar Hines,618,7,2,13,7,97.56,-112.0
Kevin Jay,1360,15,4,9,1,92.16,-112.0
Steve Mogielski,727,6,6,4,5,87.76,-112.0
Noah Saul,882,11,7,10,3,96.55,-113.0
Connor Russell,372,8,2,6,2,85.19,-113.0
Corey Tolbert,412,5,1,2,1,80.0,-113.0
Trevor Polisuk-Balfour,410,9,2,10,2,89.47,-113.0
Jasper Tom,879,5,8,9,7,97.85,-113.0
Matthew Crawford,984,12,8,8,2,94.34,-113.0
Thomas Page,774,9,5,6,3,88.68,-113.0
Cooper Williams,657,5,3,10,7,93.62,-113.0
Ben Levinsky,506,5,3,5,6,87.23,-114.0
Alex Davis,232,6,3,12,7,96.55,-114.0
Liam McDonald,505,9,1,11,4,92.0,-114.0
Kainoa Chun-Moy,706,7,3,5,2,85.19,-114.0
Tynan Sander,792,12,2,13,3,96.3,-114.0
Cameron Lacy,464,5,3,8,7,91.3,-114.0
Jake Butrica,1004,13,3,6,4,89.92,-114.0
Max Grove,982,9,6,8,4,93.42,-114.0
Matt LeMaitre,502,3,3,0,6,82.61,-115.0
Tom Doi,525,9,4,5,0,85.19,-115.0
Joel Willison,214,3,0,3,4,81.82,-115.0
Sam Jonas,765,9,4,11,5,96.67,-116.0
Ben Close,750,10,3,12,4,96.55,-116.0
Phillip Korolog,487,7,4,7,4,89.66,-116.0
Jimmy McGuinness,356,11,1,13,3,94.74,-116.0
Brandon Fein,277,6,0,9,5,88.89,-116.0
Eddie Finley,60,0,0,2,3,80.0,-116.0
Will Selfridge,1032,15,6,12,0,98.18,-117.0
Jay Clark,1350,13,5,9,1,93.75,-117.0
Chris Cassella,366,7,0,5,2,83.72,-117.0
Matt Esser,544,13,0,15,3,97.92,-117.0
Bretton Tan,263,7,2,14,7,100.0,-117.0
Mischa Freystaetter,1167,10,5,9,3,94.12,-117.0
Eliott Heloir,1015,9,8,3,3,89.11,-117.0
Mike Campanella,902,10,6,10,4,97.22,-117.0
Chris Graber,515,9,2,11,4,93.75,-117.0
Hayden Austin-Knab,626,11,4,8,0,89.13,-117.0
Jordan Salazar,397,6,3,8,5,90.48,-117.0
Jeremiah Branson,1462,13,5,10,1,95.35,-118.0
Collin Gall,227,7,0,4,0,81.82,-118.0
Ben Hoffman,442,9,3,12,4,96.15,-118.0
Dylan Zeringue,1115,9,6,4,4,89.83,-118.0
Ashton Hoffman,1559,13,6,9,2,96.15,-118.0
Marco Dewey,1524,12,4,9,4,95.87,-118.0
Nathan Huff,539,8,7,11,4,98.55,-118.0
Trevor Griesman,402,7,5,10,5,95.52,-118.0
Cal Tornabene,308,2,2,11,10,96.88,-119.0
Wyatt Mekler,1501,12,9,5,3,94.9,-120.0
Will Lindquist,972,11,2,10,1,91.67,-120.0
Jackson Potts,884,9,0,9,4,90.74,-120.0
Kelvin Huang,538,12,3,7,1,89.13,-120.0
Sterling Knoche,505,9,1,12,5,96.0,-121.0
Blake Krapfl,183,2,0,2,0,80.0,-121.0
Seth Weaver,364,14,3,12,2,96.97,-121.0
Jordan Hill,1087,12,4,9,4,96.0,-121.0
Dan Cunningham,474,11,5,9,1,92.86,-121.0
Charlie Furse,574,12,4,11,1,94.87,-121.0
Luke Rehfuss,646,9,3,10,4,94.44,-121.0
Jac Carreiro,427,7,1,11,5,93.75,-121.0
Charlie Furse,416,7,3,10,4,93.62,-122.0
Biz Schlaefer,479,12,2,11,1,93.33,-122.0
Kota Sugahara,960,5,10,5,6,95.58,-122.0
Nathanial Dick,747,8,11,6,2,94.94,-122.0
Gabe Colton,471,8,2,9,3,91.3,-122.0
Sawyer Fil,210,3,1,3,3,83.33,-122.0
Brandon Pastor,727,10,5,10,2,95.24,-122.0
Kevin Pignone,1149,13,6,9,0,94.92,-123.0
Yipeng Wang,298,4,1,5,5,86.96,-123.0
Jace Dean,701,6,4,11,6,98.11,-123.0
Noah Powell,888,10,4,11,3,97.06,-123.0
Kai Marcus,1021,13,1,6,0,87.67,-123.0
Jacob Anthuvan,616,8,2,8,4,91.3,-123.0
Ryan Woodhouse,227,2,0,9,8,91.67,-123.0
Mick Walter,402,4,4,8,6,93.02,-123.0
Clint McSherry,1042,13,5,7,3,94.21,-123.0
Andrew Padula,646,6,10,3,5,92.45,-123.0
Eric Nardelli,522,13,2,14,1,98.08,-124.0
Jonah Malenfant,417,5,2,7,4,89.47,-124.0
Ben Hoffman,615,12,3,14,2,100.0,-124.0
Marshall Crawford,577,5,1,9,6,92.59,-124.0
Elliot Warner,1120,6,10,4,4,93.62,-124.0
Milan Ravenell,500,9,2,9,2,91.3,-124.0
Carter Hawkins,719,8,5,11,3,97.53,-125.0
Dean Ramsey,515,9,1,14,5,100.0,-125.0
Danny Miller,885,14,1,15,1,100.0,-125.0
Adam Burgess,837,10,9,3,4,93.33,-126.0
Ty Naquin,525,11,2,14,3,100.0,-126.0
Kevin Jay,749,10,3,8,2,92.06,-126.0
Michael Ames,669,9,5,5,2,90.0,-126.0
Jacob Wham,616,8,4,8,3,92.86,-126.0
Riley Ulmer,189,3,0,4,1,83.33,-126.0
Brian Roach,584,9,1,7,2,89.29,-127.0
Ray Tetreault,621,9,2,11,4,96.43,-127.0
Kevin Goldberg,1258,9,8,4,3,92.92,-127.0
Matt Tucker,351,7,1,13,7,100.0,-127.0
Duncan McNally,729,7,5,9,4,96.08,-128.0
Ian McCosky,885,9,5,11,4,100.0,-128.0
Quinn Buermeyer,1508,13,4,3,3,90.74,-128.0
Nate Little,189,4,1,6,4,88.24,-128.0
Mike Drost,453,7,3,10,4,95.45,-129.0
Jordan Kinde,1241,15,1,2,2,87.6,-129.0
Caden Sigerud,820,8,4,10,5,98.33,-129.0
Turner Allen,739,7,5,9,4,96.77,-130.0
Trevor Lynch,742,8,6,6,4,94.34,-130.0
Dylan Burns,413,7,1,6,1,87.5,-130.0
Troy Holland,778,6,5,7,5,94.67,-130.0
Julien Sénéchal,661,4,6,3,3,88.89,-130.0
Kobi McCracken,2033,18,7,3,1,94.35,-130.0
Jason Tschida,1252,11,6,9,2,98.13,-130.0
Dax Miller,881,6,4,4,5,90.8,-130.0
Shane Earley,643,7,2,5,1,87.5,-130.0
Landon Shank,751,7,7,4,2,90.91,-130.0
Jonathan Nethercutt,1369,12,7,9,0,97.69,-131.0
Andrew Meshnick,353,6,0,8,4,90.91,-131.0
Patrick Xu,421,7,1,13,6,100.0,-131.0
Justin Allen,519,9,1,10,2,93.33,-131.0
Andrew Thompson,327,8,3,5,2,89.09,-131.0
Andrew Padula,723,10,4,5,4,92.5,-131.0
Luke Rehfuss,479,4,2,8,6,93.33,-131.0
Matthew Burke,515,9,4,10,4,98.0,-132.0
Braden Eberhard,606,9,9,7,2,96.92,-132.0
Nick Pappas,241,3,1,3,5,86.96,-132.0
John Jones,195,2,1,7,6,90.91,-132.0
Eli Park,35,2,1,2,1,83.33,-132.0
Devon Asemota,75,2,1,2,1,83.33,-132.0
Jeremie Giard,216,3,1,3,1,84.62,-133.0
Ethan Li,860,8,7,6,2,94.23,-133.0
Spencer Lofink,504,11,1,8,1,91.43,-133.0
Bradley Kennis,1051,5,5,4,5,92.13,-133.0
Felix Leonard,388,8,3,9,2,93.75,-133.0
Myles Cooper,251,4,0,12,9,100.0,-134.0
Matt LaBar,526,8,3,12,4,100.0,-134.0
Johnny Bansfield,764,6,4,3,2,88.52,-134.0
Chris Chan,1105,7,8,7,3,97.39,-134.0
Matt Hanna,1300,11,6,4,1,92.11,-134.0
Jace Bruner,382,8,1,13,5,100.0,-134.0
Josue Alorro,664,7,7,8,3,97.3,-135.0
Ben Snell,668,9,7,5,3,94.77,-136.0
Michael Dillard,622,9,6,7,3,96.3,-136.0
Tyler Randall,360,7,6,9,3,97.5,-136.0
Julien Sénéchal,336,3,1,2,2,85.19,-136.0
John Stubbs,647,9,2,7,0,90.63,-136.0
Ian Hahn,595,6,5,10,5,100.0,-137.0
Terry Gaither,290,1,1,8,9,95.24,-137.0
Justin Keller,646,9,5,6,3,94.4,-137.0
Brian Gfroerer,292,5,2,6,3,90.48,-137.0
Nick Phillips,240,6,1,6,1,88.89,-138.0
Brian Stout,582,6,0,10,6,96.67,-138.0
Dan LaFrance,468,8,1,8,0,90.91,-138.0
Ben Levinsky,472,6,1,3,2,87.18,-138.0
Evan Magsig,393,6,2,5,3,90.2,-138.0
Andrew Thompson,272,5,3,6,3,91.67,-139.0
Eliott Heloir,593,5,2,7,4,93.18,-140.0
Kevin Jay,426,6,2,5,2,90.0,-140.0
Avi Taylor,341,4,3,6,3,91.67,-140.0
Xavier Fuzat,773,10,8,7,1,97.67,-140.0
Jack Galle,312,5,1,8,5,93.94,-140.0
Nick Redmond,1302,13,5,3,1,92.57,-141.0
Patrick Dougherty,744,8,7,7,1,96.23,-141.0
James Lewis,141,2,0,5,4,88.89,-141.0
Jacob Duquette,503,8,3,4,2,90.57,-141.0
Austin Lillis,540,6,3,7,3,93.62,-141.0
Marc Rovner,306,6,3,11,5,100.0,-141.0
Kenny Furdella,745,10,4,10,1,97.87,-141.0
Martin Bustamante,929,11,3,7,2,95.0,-141.0
Matthew Burke,704,8,5,5,1,92.31,-141.0
Axel Agami,417,7,3,6,2,92.31,-142.0
Cam Wariner,295,4,4,10,6,100.0,-142.0
Terry Gaither,110,1,0,5,6,90.0,-142.0
Ashton Paulus,723,6,2,7,4,94.29,-143.0
Basile Limoges,487,5,3,6,3,92.68,-143.0
Ben Katz,509,9,4,11,2,100.0,-143.0
Matt Chambers,441,6,5,6,4,95.59,-144.0
Bram Allahdadi,511,5,1,4,5,91.11,-144.0
Zachery Turner,148,3,1,2,2,86.67,-144.0
Kenny Furdella,779,12,4,6,0,93.98,-144.0
Ethan Holmgren,254,5,1,5,3,90.48,-144.0
James Kloss,443,6,2,4,1,89.29,-144.0
Eric Carter,671,7,6,7,3,97.59,-145.0
Mitch Lutz,806,10,3,6,1,93.65,-145.0
Ray Mauntel,158,4,0,7,5,92.86,-145.0
Jake Shoyer,755,9,2,7,1,93.48,-145.0
Kamal Raslan,852,5,7,4,3,94.51,-145.0
Matthew Knowles,347,8,0,9,2,94.12,-145.0
Geoff Powell,209,4,2,4,3,90.0,-145.0
Andres Rodriguez,653,9,5,4,1,92.75,-146.0
Nabil Chaouch,492,5,4,1,2,88.89,-146.0
Max Ayad,306,5,2,1,0,86.36,-146.0
Chase Marty,331,7,2,8,3,95.24,-146.0
Jerry Kelly,273,5,3,9,5,98.04,-146.0
Olivier Bastien,150,3,1,3,1,87.5,-147.0
Seth Gudeman,532,2,3,5,5,93.1,-147.0
Kevin Jay,585,6,2,6,4,94.03,-147.0
Brice Dunn,887,9,2,6,1,93.1,-147.0
Jack Bembenek,199,1,0,0,1,84.62,-148.0
Jake Baumer,150,2,0,4,3,88.89,-148.0
Matt Miller,640,6,3,5,4,94.12,-148.0
Kenny Lane III,353,5,6,7,3,97.06,-148.0
Jeffrey Burris,442,9,2,9,1,95.83,-148.0
Kelvin Williams,305,7,2,11,4,100.0,-148.0
Colin Ringwood,422,7,5,6,1,94.44,-149.0
Chris Walsh,682,7,2,1,1,88.31,-149.0
Noah Nicol,852,6,5,6,3,96.49,-150.0
Zach Slayton,555,8,4,8,2,97.44,-150.0
Stefan Samu,384,4,2,7,3,94.12,-150.0
Colin Grant,606,7,7,5,3,97.06,-150.0
Matt Barcellos,536,8,2,8,2,95.74,-150.0
Hunter Lang,466,10,4,8,1,97.44,-151.0
Julien Bernat,773,9,4,6,0,94.44,-151.0
Kevin Nicholl,683,7,3,7,2,95.56,-151.0
Kainoa Chun-Moy,556,8,5,8,2,98.44,-151.0
Martis Artis,316,3,1,6,5,93.75,-151.0
Felix Moren,750,7,2,4,2,91.89,-151.0
Bradley Fleming,287,7,1,9,3,96.55,-151.0
Zachary Armstrong,469,7,1,8,2,95.0,-152.0
Jeffrey Silverman,120,2,1,6,5,93.33,-152.0
Chris Ellis,546,5,4,8,4,98.51,-152.0
Andrew Padula,226,5,1,7,5,95.65,-153.0
Adrian Golay,302,5,4,5,1,92.86,-153.0
Caden Sigerud,593,10,2,11,1,100.0,-154.0
Andres Rodriguez,320,6,2,5,2,92.86,-154.0
Eric Hurd,330,7,0,7,1,92.86,-154.0
Daniel Pryke,116,2,0,5,4,91.67,-155.0
Joey Cari,472,6,4,8,2,97.59,-155.0
Alex Heath,465,5,2,5,2,92.86,-155.0
Charlie Vukovic,529,5,1,5,5,94.29,-155.0
Isaac Leonard,468,7,0,11,4,100.0,-155.0
Tanner Graham,391,6,3,9,4,100.0,-156.0
Gavin Abrahamsson,450,6,4,7,2,96.67,-156.0
Chris Graber,439,6,1,6,1,92.86,-156.0
Charlie McCutcheon,355,8,3,10,2,100.0,-156.0
Andrew Thompson,504,9,4,5,2,95.65,-156.0
Angelo Olcese,621,6,6,7,2,98.73,-157.0
Colin Ringwood,551,6,3,4,3,94.05,-157.0
Caleb Campbell,916,6,4,2,3,93.15,-157.0
Luke Huffman,340,8,3,8,2,97.92,-157.0
Dylan Tunnell,612,8,2,7,1,95.56,-157.0
Michael Maroon,885,6,5,5,1,95.56,-158.0
Marshall Wildmann,475,4,2,3,3,92.0,-158.0
Allan Michel,493,3,8,4,4,97.67,-158.0
Jake Worthington,546,3,3,6,4,96.15,-159.0
Collin Gall,966,9,5,5,1,96.84,-159.0
Cole Eustis,295,3,2,2,2,90.48,-160.0
Raheem Ishaque,273,4,1,9,6,100.0,-160.0
Jamie Millage,244,4,2,5,2,93.33,-160.0
Adam Turcotte,583,6,1,3,4,93.1,-160.0
Sam Plasman,284,3,0,4,2,90.91,-160.0
Isaac Hsu,91,1,0,2,2,88.89,-161.0
Leo Pierson,222,5,0,10,5,100.0,-162.0
Isamu Kawaguchi,168,5,4,2,1,92.0,-163.0
Will Quigley,309,5,2,9,4,100.0,-163.0
Gavin Babbitt,392,5,5,4,1,94.74,-163.0
Matt Esser,488,5,4,5,2,96.08,-164.0
Theo Schaid Hefley,432,5,2,7,2,96.43,-164.0
Vincent Gamache,433,5,3,3,1,92.68,-164.0
Joel Caswell,219,3,0,4,1,90.91,-164.0
Eddie Finley,268,3,1,5,4,94.74,-165.0
Eli Friedman,761,7,2,5,1,95.12,-166.0
Brendan Gessner,464,8,3,9,1,100.0,-166.0
Jason Lee,287,4,2,8,5,100.0,-166.0
Paul Krenik,381,8,3,9,1,100.0,-166.0
Grayson Sanner,258,5,0,6,1,93.75,-167.0
Jake Worthington,549,4,2,4,2,93.94,-167.0
Kyle Johnson,172,4,1,4,1,92.31,-167.0
Alex Mcclure,171,3,0,9,6,100.0,-167.0
Oren Binnun,649,6,1,3,1,92.73,-168.0
Martin Cruz,431,7,1,4,0,92.86,-168.0
Liam McKeown,397,8,3,6,0,96.43,-168.0
David Zhou,389,7,1,6,1,95.45,-168.0
John Jones,155,2,1,4,2,92.86,-169.0
Calvin Coulbury,1125,7,5,3,1,96.34,-170.0
Mac Hecht,429,4,3,5,2,96.15,-171.0
Jackson Potts,433,6,3,5,0,95.65,-172.0
Cole Eustis,526,4,1,3,3,94.0,-172.0
Sean Keegan,646,8,2,7,0,97.92,-173.0
Louie Bertoncin,514,4,1,6,4,97.87,-174.0
Kevin O'Brien,158,2,1,2,0,90.91,-174.0
Joe Molder,279,7,2,8,2,100.0,-174.0
Dylan Best,252,6,1,5,0,94.44,-174.0
Jake Shoyer,520,5,3,5,1,96.67,-175.0
Desmond Staples,475,4,0,1,1,91.3,-176.0
Casey Thornton,655,6,5,4,0,96.92,-176.0
Marshall Dinges,603,5,4,4,2,97.37,-176.0
Cam Albin,735,9,2,8,0,100.0,-176.0
Simon Walker,940,6,0,4,1,94.92,-178.0
Bryan Kuo,320,3,1,3,1,93.33,-178.0
Matt Grinde,243,6,3,7,2,100.0,-178.0
Alex Thomas,286,7,2,8,1,100.0,-178.0
Ramzi Cope-Musleh,338,5,3,7,2,100.0,-179.0
Garrett Wilson,563,7,2,4,1,96.59,-180.0
Cam Albin,404,6,1,5,0,95.65,-180.0
John Hanni,128,6,1,8,2,100.0,-181.0
Jacob Sames,773,6,5,6,0,100.0,-181.0
Julián Bonilla,138,4,0,3,1,93.33,-181.0
John McMonigal,300,5,1,4,2,96.15,-182.0
Zach Burnside,328,6,3,7,1,100.0,-182.0
Jac Carreiro,117,4,2,7,3,100.0,-182.0
Nasser M'Bae Vogel,401,5,2,7,2,100.0,-183.0
Garrett Santi,729,6,4,4,1,98.33,-183.0
Munis Thahir,366,4,0,5,2,96.43,-184.0
Rui Carvalho,355,4,2,3,0,94.74,-185.0
Clint McSherry,249,6,1,5,0,96.43,-185.0
Xavier Daniel,324,6,0,7,3,100.0,-185.0
Robert Elston,252,4,1,7,3,100.0,-185.0
Sam Warrick,718,4,1,3,1,95.24,-185.0
James McClean,269,5,4,4,0,97.14,-185.0
Richard Ware,419,5,3,3,2,97.37,-186.0
Paul Mensah,59,2,1,6,5,100.0,-187.0
Aaron Schwieterman,92,1,0,0,0,90.91,-188.0
Jackson McKee,309,2,0,3,2,94.74,-188.0
Aaron Schwieterman,533,7,2,1,0,94.83,-189.0
Eddie Finley,45,0,0,5,7,100.0,-192.0
Rees McDevitt,362,3,2,1,3,96.23,-193.0
Thomas Lalonde-Landry,176,5,2,6,1,100.0,-194.0
Brandon Van Deusen,351,3,2,1,0,94.44,-194.0
Thomas Hansen,274,4,1,6,2,100.0,-195.0
Ivan Tran,161,4,1,6,2,100.0,-196.0
John Tan,183,4,1,6,2,100.0,-196.0
Noah Nicol,143,3,0,6,3,100.0,-198.0
Lucas Henry,178,4,2,5,1,100.0,-202.0
Jared Canfield,230,5,0,6,1,100.0,-202.0
Simon Charette,301,4,3,4,1,100.0,-203.0
Matt LaBar,138,2,2,4,2,100.0,-207.0
Danny Khoe,171,3,0,5,2,100.0,-208.0
Matthew Montera,176,3,0,5,2,100.0,-208.0
Caleb Texeira,340,2,1,0,1,95.65,-208.0
Yipeng Wang,83,1,0,4,4,100.0,-209.0
Kevin Nicholl,177,4,0,5,1,100.0,-210.0
Curtis Campbell,108,3,1,4,2,100.0,-210.0
Anderson Cañon,367,1,1,0,1,95.65,-210.0
Seamus Robinson,244,4,0,5,1,100.0,-210.0
Raphaël Lalonde-Landry,220,4,0,5,1,100.0,-210.0
Olivier Bastien,119,1,2,3,3,100.0,-211.0
Ian Ladner,243,3,0,2,0,97.44,-216.0
Cameron Knox,113,3,0,4,1,100.0,-218.0
Adnan Raslan,127,1,1,3,2,100.0,-219.0
Jonny McKoy,50,3,0,4,1,100.0,-219.0
Caleb Stanish,121,2,0,3,2,100.0,-222.0
Joel Caswell,159,4,0,3,1,100.0,-222.0
Hudson Stuck,41,2,0,3,1,100.0,-227.0
Thomas Hansen,86,0,1,2,2,100.0,-227.0
Jacob Yant,34,2,0,3,1,100.0,-227.0
Tynan Peterson,151,1,1,2,1,100.0,-229.0
Ben Travers,93,1,1,2,1,100.0,-230.0
Kieran Charnock,158,1,0,2,1,100.0,-234.0
Julien Bernat,183,2,0,1,0,100.0,-242.0
Elliot Deeds,19,0,0,1,1,100.0,-242.0
Christopher O'Brien,50,1,0,0,0,100.0,-250.0
